y_true,y_pred,y_prob
0,0,0.047005225
0,0,0.14765939
0,0,0.050437145
0,0,0.04599401
0,0,0.09760575
0,0,0.060853403
0,0,0.14797886
0,0,0.039021794
0,0,0.04536215
0,0,0.047514975
0,0,0.08570988
0,0,0.0674052
0,0,0.055414964
0,0,0.062646136
0,0,0.053097717
0,0,0.13574888
0,0,0.2507504
0,0,0.08914674
0,0,0.08301934
1,0,0.22103807
0,0,0.055308294
0,0,0.05535496
0,0,0.05700708
0,1,0.64576274
0,0,0.07194514
0,0,0.04327028
0,0,0.1043456
0,0,0.09567101
0,0,0.08124876
0,0,0.046575736
0,0,0.16345394
0,0,0.21835522
1,1,0.8914773
0,0,0.28459197
0,0,0.20829177
0,0,0.052857034
0,0,0.058172546
0,0,0.054541983
0,0,0.076676354
0,1,0.5476287
0,0,0.065311566
1,0,0.19098952
0,0,0.057310157
0,0,0.088740624
0,0,0.07611719
0,0,0.071678095
0,0,0.15600213
0,0,0.09068177
0,0,0.051416427
0,0,0.09582414
0,0,0.07740377
0,0,0.05990941
0,0,0.047338944
0,0,0.044128276
1,0,0.07613628
0,0,0.041640073
0,0,0.16289909
0,0,0.045472737
0,0,0.046024684
0,0,0.031778093
1,0,0.16461033
0,0,0.07769636
0,0,0.22433586
0,0,0.05963225
0,0,0.06734984
0,0,0.14878297
0,0,0.11065539
0,0,0.10629386
0,0,0.14745617
0,0,0.2664574
1,0,0.09644751
0,0,0.069724776
0,0,0.06407918
1,1,0.8369832
0,0,0.045281265
0,0,0.23087624
0,0,0.08318903
0,0,0.2714767
0,0,0.24165297
0,0,0.055646904
0,0,0.047153354
0,0,0.15084562
0,0,0.0488381
1,0,0.20094466
0,0,0.039557658
0,0,0.0478156
0,0,0.11001644
1,0,0.16474125
0,0,0.046392046
0,0,0.053204995
0,0,0.41805595
0,0,0.047022883
1,1,0.8020979
0,0,0.06211549
0,0,0.0865397
0,0,0.032511257
0,0,0.23924771
0,0,0.09947236
0,0,0.10239663
0,0,0.06693487
1,1,0.8225603
1,0,0.122881606
1,0,0.27928868
0,0,0.06898364
0,0,0.11498827
0,0,0.040526927
0,0,0.0425601
0,0,0.05118779
0,0,0.12431651
1,1,0.39937323
0,0,0.0351121
0,0,0.08753739
0,0,0.05607143
0,0,0.040654078
0,0,0.082969695
0,0,0.050926853
0,0,0.1042469
0,0,0.042255767
0,0,0.087948754
0,0,0.28477976
1,1,0.6068943
0,0,0.08287184
0,0,0.035662074
0,0,0.088173434
0,0,0.08365564
0,0,0.045656584
1,1,0.6091294
1,0,0.029839864
1,0,0.20336981
0,0,0.26995143
0,0,0.031976093
0,0,0.03669117
0,0,0.15130846
0,0,0.062248148
0,0,0.07231619
1,1,0.6695961
0,0,0.050038077
1,1,0.44326416
0,0,0.12091683
0,0,0.0709929
0,0,0.036277864
0,0,0.09955634
0,0,0.16867757
0,0,0.21950027
0,0,0.093908176
0,0,0.055708427
0,0,0.046436198
0,0,0.32866588
0,0,0.047246218
0,0,0.09024369
0,0,0.11839058
0,0,0.21009879
0,0,0.43457603
1,0,0.15427928
0,0,0.047596753
0,0,0.08827977
0,0,0.119036235
0,0,0.108176515
0,0,0.065111116
0,0,0.04169043
0,0,0.07944254
0,0,0.08216255
0,0,0.10860735
0,0,0.051937103
0,0,0.09467567
0,0,0.054428983
0,0,0.15002652
0,0,0.04485002
0,0,0.20368561
0,0,0.06139349
0,0,0.0954848
0,0,0.069707684
1,0,0.3546085
0,0,0.037825387
0,1,0.513202
0,0,0.15213907
1,0,0.056842186
1,1,0.49543867
0,0,0.042098116
0,0,0.12862298
0,0,0.06863926
0,0,0.036021233
0,0,0.049218737
0,0,0.13702247
0,0,0.060972728
1,0,0.21485862
0,0,0.07104901
0,0,0.05476615
0,0,0.07502832
1,1,0.95173776
0,0,0.061647784
0,0,0.13355656
1,1,0.5432321
0,0,0.16741146
0,0,0.032220747
0,0,0.04455128
1,0,0.22611646
0,0,0.026637066
0,0,0.13108781
0,0,0.3619815
1,0,0.42838234
0,0,0.066930756
0,0,0.05531813
0,0,0.038822826
1,1,0.4103508
0,0,0.039038487
0,0,0.0584488
0,0,0.034054082
0,0,0.07336913
0,0,0.13800213
1,1,0.6395744
0,0,0.040035494
0,0,0.06634468
0,0,0.066103354
0,0,0.03465727
1,1,0.6863865
0,0,0.21963887
0,0,0.05675913
0,0,0.128243
0,0,0.07889164
0,0,0.07942191
0,0,0.17591016
0,0,0.15291938
0,0,0.052773356
0,0,0.03557952
0,0,0.063807145
0,0,0.071052186
0,0,0.051986765
0,0,0.09334842
0,0,0.123045705
0,0,0.120139316
0,0,0.14748505
0,0,0.11061765
0,0,0.058650754
0,0,0.05597589
1,0,0.20164494
0,0,0.043889098
0,0,0.05774603
0,0,0.055361796
0,0,0.049730934
0,0,0.10457939
0,0,0.045878064
0,0,0.17499799
0,0,0.061961956
0,0,0.05352196
0,0,0.030287683
0,0,0.07830897
0,0,0.04238034
0,0,0.05222549
0,0,0.034888066
0,0,0.33014628
0,0,0.1042096
0,0,0.06876284
0,0,0.03768362
0,0,0.056780756
0,0,0.0608354
0,0,0.056431014
0,0,0.06682851
0,0,0.053831935
0,0,0.06281939
0,0,0.11739926
0,0,0.03644877
0,0,0.06371847
0,0,0.027418638
0,0,0.078427985
1,0,0.093200184
0,0,0.06350948
1,0,0.050983083
0,0,0.034492247
0,0,0.0870698
0,0,0.07084983
0,0,0.049174696
0,0,0.0561363
0,0,0.05474162
1,0,0.33652648
0,0,0.061648298
0,0,0.12777464
0,0,0.340247
0,0,0.0674635
0,0,0.09052287
0,0,0.08840061
0,0,0.14589058
0,0,0.052062202
0,0,0.03420656
0,0,0.17376292
0,0,0.09384994
1,0,0.3998893
0,0,0.1485456
0,0,0.10545758
0,0,0.15005556
0,0,0.12705931
0,0,0.058808304
0,0,0.030168867
0,0,0.07861149
0,0,0.10506813
0,0,0.07346589
0,0,0.1203347
0,0,0.08069047
0,0,0.04504866
0,0,0.16141404
0,0,0.13299313
1,0,0.23542103
0,0,0.09751346
0,0,0.030084485
0,1,0.6031051
0,0,0.06560396
0,0,0.047888122
0,0,0.044551067
0,0,0.091276646
1,1,0.70790625
0,0,0.09375149
0,0,0.07294938
0,1,0.4625017
0,0,0.058393955
0,0,0.14216186
0,0,0.055181086
0,0,0.13676
1,0,0.26504716
0,0,0.085869655
0,0,0.05352083
0,0,0.0363477
0,0,0.04626321
0,0,0.35990024
0,0,0.054928236
0,0,0.19119811
0,0,0.03787697
0,0,0.06756065
1,1,0.65497625
0,0,0.05870263
0,0,0.09320422
0,0,0.03781881
0,0,0.0896836
1,1,0.8088334
0,0,0.053117327
0,0,0.1455973
0,0,0.15578257
0,0,0.06753804
0,0,0.05956013
0,0,0.0632807
1,1,0.7377815
0,0,0.18474187
0,0,0.067071214
1,1,0.6186682
0,0,0.056159504
0,0,0.13281143
0,0,0.076433286
1,0,0.3948099
0,0,0.22859755
0,0,0.08036599
0,0,0.06810002
0,0,0.06772422
0,0,0.13286874
1,0,0.08094342
0,0,0.05085513
0,0,0.094412446
0,1,0.6634941
0,0,0.22135732
1,1,0.5711337
0,0,0.20390633
0,0,0.049549565
0,0,0.034365132
1,1,0.553884
0,0,0.036600135
0,0,0.060508598
0,0,0.105338976
0,0,0.051739264
0,0,0.159351
0,0,0.052409627
0,0,0.05422579
0,0,0.11366592
1,0,0.24621744
0,0,0.052624226
0,1,0.5049902
0,0,0.08575911
0,0,0.06900264
0,0,0.03534295
0,0,0.040847085
1,0,0.13705695
0,0,0.15868804
0,0,0.06649877
0,0,0.058564235
0,0,0.1756089
0,0,0.096679725
0,0,0.045191426
1,0,0.35010678
0,0,0.13646868
0,0,0.091286436
0,0,0.064630225
0,0,0.05804035
0,0,0.05780516
0,0,0.08127882
0,0,0.049541853
0,0,0.038207985
1,1,0.74464995
0,0,0.20555755
0,0,0.034284517
0,0,0.061644077
0,0,0.040484272
0,0,0.0463032
0,0,0.059223168
0,0,0.102668785
0,0,0.10407829
0,0,0.049304962
0,0,0.18191579
0,0,0.04196446
0,0,0.1530405
1,1,0.9139576
0,0,0.05737282
0,0,0.04345212
0,0,0.16347437
0,0,0.044129103
0,0,0.08329359
1,1,0.4910863
0,0,0.05181382
0,0,0.16993177
0,0,0.04478866
0,0,0.07212193
0,0,0.051348556
1,1,0.90794104
0,0,0.08844541
0,0,0.042223625
0,0,0.13353993
0,0,0.081242256
0,0,0.03799106
0,0,0.13083985
0,0,0.2226058
0,0,0.048146363
0,0,0.06437823
0,0,0.052331466
0,0,0.14365408
0,0,0.09117676
0,0,0.09061633
0,0,0.11710985
0,0,0.06381941
0,0,0.24977939
0,0,0.046375297
0,0,0.041003417
0,0,0.117491245
0,0,0.08357444
0,0,0.105064526
0,0,0.08055045
0,0,0.08565043
0,0,0.091610804
0,0,0.18880661
1,0,0.23671901
0,0,0.06877451
0,0,0.3348425
0,0,0.16149381
0,0,0.11156523
0,0,0.08526339
0,0,0.04595147
0,0,0.21149644
1,0,0.21691811
0,0,0.047507524
0,0,0.07640993
0,0,0.05186535
0,0,0.08317741
0,0,0.088189214
0,0,0.05222898
0,0,0.13546178
0,0,0.058491804
0,0,0.0668648
0,0,0.057498377
0,0,0.082635954
0,0,0.052194633
0,0,0.055012327
0,0,0.05621172
0,0,0.0795985
0,0,0.12020391
0,0,0.22314432
1,0,0.1153481
0,0,0.13458474
0,0,0.10212133
0,0,0.045045637
0,0,0.038023137
0,0,0.028132493
0,0,0.083024785
1,1,0.8306282
0,0,0.10835101
0,0,0.114262305
0,0,0.040947594
0,0,0.056316935
0,0,0.083660565
0,0,0.08981033
0,0,0.0876948
0,0,0.0726968
0,0,0.03983292
0,0,0.1859025
0,0,0.06405942
0,0,0.04518697
0,0,0.04583981
0,0,0.08049275
0,0,0.06522614
0,0,0.036959868
0,0,0.10204176
0,0,0.041684926
0,0,0.05962007
0,0,0.047063377
1,1,0.6081946
0,0,0.14478736
0,0,0.075990915
0,0,0.068867184
1,1,0.6163038
0,0,0.056801476
1,0,0.20552044
0,0,0.0845913
0,0,0.0440207
0,0,0.111113146
0,0,0.048100352
0,0,0.048058216
0,0,0.032028534
0,0,0.20305952
0,0,0.046710044
0,0,0.05354904
0,0,0.14150678
0,0,0.1213464
0,0,0.050430737
0,0,0.047147088
0,0,0.1489332
0,0,0.42847595
0,0,0.05939924
0,0,0.121707335
0,0,0.04582654
0,0,0.040064894
0,0,0.038134724
1,1,0.7343546
0,0,0.06111897
0,0,0.056370027
1,0,0.4627942
1,0,0.41089964
0,0,0.04244728
0,0,0.38250402
0,0,0.057866804
0,1,0.45780927
0,0,0.08367884
0,0,0.113378026
0,0,0.058679204
0,0,0.093042724
0,0,0.06644658
0,0,0.17634286
0,1,0.5658491
0,0,0.09460227
0,0,0.062814035
1,1,0.9384136
0,0,0.057396393
0,0,0.059289742
0,0,0.029414814
0,0,0.15923947
0,0,0.18211304
0,0,0.20817259
0,0,0.041054767
0,0,0.11616663
0,0,0.105899274
0,0,0.090052955
0,0,0.045685828
0,0,0.062247314
1,0,0.34501225
0,0,0.32019302
0,0,0.058529574
0,0,0.13997407
0,0,0.084606156
0,0,0.04032775
0,0,0.073988706
0,0,0.06158652
0,0,0.09019089
0,0,0.25175637
0,0,0.08593708
0,0,0.108705446
0,0,0.031728353
0,0,0.03588747
0,0,0.24693659
0,0,0.15169945
0,0,0.054219496
0,0,0.02669903
0,0,0.05581947
0,0,0.03769859
0,0,0.102869466
0,0,0.30898342
0,0,0.030250985
0,0,0.06525673
0,0,0.06595956
0,0,0.06831596
0,0,0.066068195
0,0,0.15655711
0,0,0.06670481
0,0,0.070054054
0,0,0.13677338
0,0,0.03887711
0,0,0.07157926
0,0,0.04185064
0,0,0.14823872
0,0,0.08639667
0,0,0.061174728
0,0,0.090564646
0,0,0.09038187
0,0,0.07073106
0,0,0.05872348
0,0,0.03894935
1,1,0.8300598
0,0,0.06924895
0,0,0.07168779
0,0,0.048855312
0,0,0.059559733
0,0,0.1011828
0,0,0.07860184
1,0,0.16779442
0,0,0.079202846
0,0,0.06269523
0,0,0.04598947
0,0,0.120080866
0,0,0.03929805
0,0,0.058815278
0,0,0.05184596
0,0,0.07701298
0,0,0.07126288
1,0,0.14264022
0,0,0.18741821
0,0,0.07463454
0,0,0.053082407
0,0,0.31529987
0,0,0.15925491
0,0,0.13381462
0,0,0.053918015
0,0,0.08139167
0,0,0.1368089
0,0,0.08166646
1,0,0.086671315
0,0,0.051507425
0,0,0.03633243
1,0,0.10731117
0,0,0.09839363
0,0,0.08669194
0,0,0.031592395
0,0,0.029901039
0,0,0.1481333
0,0,0.13696834
0,0,0.059622217
0,0,0.047974497
0,0,0.11327481
0,0,0.071071014
0,0,0.047853157
0,0,0.11622516
0,0,0.06190918
0,0,0.15939039
0,0,0.03949189
0,0,0.11803277
0,0,0.07839586
0,0,0.039543435
0,0,0.06502793
0,0,0.12987246
1,0,0.11151534
0,0,0.06615906
0,0,0.048952095
0,0,0.061011255
0,0,0.058750995
0,0,0.06336348
0,0,0.034721393
0,0,0.0543259
0,0,0.07117963
0,0,0.046163727
0,0,0.029905403
0,0,0.06452991
0,0,0.0465771
0,0,0.066240944
0,0,0.2821074
0,0,0.18195322
0,0,0.06278837
0,0,0.04552967
1,0,0.4187766
1,1,0.5669569
0,0,0.1036726
0,0,0.08448497
0,0,0.08623045
0,0,0.04203549
0,0,0.05508513
0,0,0.08949223
1,1,0.5980161
1,1,0.7402658
0,0,0.113941655
0,0,0.07979552
0,0,0.058961164
1,0,0.17410302
0,0,0.05275731
0,0,0.07033177
1,1,0.8836257
1,1,0.5686112
0,1,0.76524734
0,0,0.05691222
0,0,0.03259687
0,0,0.14963427
0,0,0.16238722
0,0,0.049776386
1,0,0.21005559
0,0,0.072059095
0,0,0.04060998
0,0,0.11199687
0,0,0.076123044
0,0,0.05371672
0,0,0.059375905
0,0,0.042809162
0,0,0.03416844
0,0,0.0982385
0,0,0.07659657
0,0,0.116346635
1,0,0.3777627
0,0,0.056652553
0,0,0.049403083
1,0,0.32002953
0,0,0.051606238
0,0,0.09128983
0,0,0.08271857
0,0,0.08547953
0,0,0.08886774
0,0,0.028552925
0,0,0.4791246
1,0,0.25672922
0,0,0.053235285
0,0,0.10599985
0,0,0.09823994
0,0,0.11918448
1,1,0.9136349
0,0,0.16249022
1,0,0.14409651
0,0,0.055137783
0,0,0.03398041
0,0,0.28921086
0,0,0.058241747
0,0,0.04596589
0,0,0.07965108
0,0,0.07005043
0,0,0.104351565
0,0,0.07436701
0,0,0.060819436
0,0,0.14790452
0,0,0.11650707
1,1,0.9210083
0,0,0.25061327
0,0,0.042278506
1,1,0.86308414
1,1,0.8393086
1,0,0.10251047
0,0,0.10816296
0,0,0.04870997
0,0,0.03474397
0,0,0.063210905
0,0,0.06374089
0,0,0.07671325
0,0,0.058766134
0,0,0.10254779
0,0,0.04336115
0,0,0.34251326
0,0,0.046843845
0,0,0.046726502
0,0,0.18565837
0,0,0.05101336
0,0,0.09401271
0,0,0.06995347
0,0,0.07513828
0,0,0.061428774
0,0,0.1665072
0,0,0.030876568
0,0,0.059110634
0,0,0.104526125
0,0,0.04141879
0,0,0.085316144
0,0,0.06871383
0,0,0.08781087
0,0,0.2659146
0,0,0.29578954
0,0,0.06265828
1,1,0.6464082
0,0,0.14083052
0,0,0.079742774
0,0,0.06405134
0,0,0.07611906
0,0,0.0916448
0,0,0.05883471
0,0,0.096436344
0,0,0.07245598
0,0,0.06639141
0,0,0.054569375
0,0,0.073470555
0,0,0.050654035
0,0,0.03171377
0,0,0.077725664
0,0,0.07949618
0,0,0.06130918
0,0,0.1141776
1,0,0.41310772
0,0,0.056842066
0,0,0.080237925
0,0,0.075010434
0,0,0.16048655
0,0,0.0870071
0,0,0.052211087
0,0,0.04490163
1,1,0.79490095
0,0,0.047882
0,0,0.22673479
1,1,0.938972
0,0,0.0728663
0,0,0.0895891
0,0,0.08867982
0,0,0.22353093
0,0,0.11211369
1,0,0.089545354
0,0,0.13172475
0,0,0.0489979
0,0,0.07903208
0,0,0.14200416
1,1,0.7368282
1,1,0.5692766
0,0,0.079741456
0,0,0.05292397
0,0,0.03877183
0,0,0.08633323
0,0,0.18440989
0,0,0.06944951
0,0,0.13011245
0,0,0.13353613
1,0,0.16156265
0,0,0.04965776
0,0,0.0424287
0,0,0.09909183
1,1,0.68661815
0,0,0.15600976
0,0,0.10212171
0,0,0.04318693
0,0,0.038127434
0,0,0.03418228
0,0,0.12036248
0,0,0.06839021
0,0,0.038108725
0,0,0.06354223
1,0,0.13206376
0,0,0.12118155
0,0,0.081200406
0,0,0.1227571
0,0,0.053483874
0,0,0.09142469
0,0,0.029834196
0,0,0.046964813
0,0,0.0977755
0,0,0.08008546
0,0,0.12687199
0,0,0.036874723
0,0,0.03628419
0,0,0.037478436
0,0,0.06437789
1,1,0.66796416
0,0,0.034555297
1,1,0.7784172
1,1,0.46695513
0,0,0.07071805
0,0,0.20802963
1,0,0.21935394
0,0,0.049216874
1,0,0.2844235
0,0,0.03049685
0,0,0.09323405
1,1,0.78759897
0,0,0.18162708
0,0,0.0441782
0,0,0.04780303
0,0,0.38852543
0,0,0.046087816
0,0,0.059228122
0,0,0.03414107
1,0,0.29184967
1,0,0.3350851
0,0,0.06607683
0,0,0.1194834
0,0,0.07471186
0,0,0.046948735
0,0,0.05943085
0,0,0.17009966
0,0,0.074309155
0,0,0.05907532
0,0,0.195411
0,0,0.054546367
1,0,0.23413923
1,0,0.25167423
0,0,0.04828677
1,0,0.10228269
0,0,0.036809653
1,0,0.083337285
0,0,0.07172868
0,0,0.07016342
0,0,0.043482922
0,0,0.051638223
0,0,0.026500043
0,0,0.039793454
0,0,0.04976608
0,0,0.1858382
0,0,0.049436126
0,0,0.4118437
1,0,0.10021907
1,1,0.6664518
0,0,0.13624112
0,0,0.041377902
0,0,0.38939992
0,0,0.07113718
0,0,0.08021325
0,0,0.06515907
0,0,0.035676926
0,0,0.04850469
0,0,0.040777646
0,0,0.07381948
0,0,0.05407368
0,0,0.09543433
0,0,0.08615642
0,0,0.0485479
0,0,0.05396822
0,0,0.03336949
0,0,0.08213495
0,0,0.09631749
0,0,0.064803526
0,0,0.06614007
0,0,0.06464413
0,0,0.06720124
0,0,0.10149322
1,0,0.3343379
0,0,0.09880681
0,0,0.040150873
0,0,0.104443
0,0,0.083898365
0,0,0.05943395
0,0,0.06493692
0,0,0.09836514
0,0,0.04027968
0,0,0.06554179
0,0,0.07535534
0,0,0.06090036
0,0,0.12355368
0,0,0.03760573
0,0,0.03496026
0,0,0.04279208
0,0,0.19249512
1,0,0.09452301
0,0,0.08964632
0,0,0.11687052
0,1,0.82729566
0,0,0.04955729
0,0,0.047054376
0,0,0.03860142
0,0,0.075894006
0,0,0.095468216
0,0,0.083118975
0,0,0.03502619
1,1,0.71831656
0,0,0.04764195
0,0,0.053385638
0,0,0.062295884
0,0,0.11218369
0,0,0.07159463
0,0,0.05802081
0,0,0.069301665
1,0,0.081715986
0,0,0.05314532
0,0,0.07086804
0,0,0.043702595
0,0,0.041671664
0,0,0.27758482
0,0,0.06090764
0,0,0.08727356
0,0,0.042527236
0,0,0.08964206
0,0,0.06017503
0,0,0.056736417
0,0,0.073062345
0,0,0.06305755
1,1,0.8680402
1,1,0.9154933
0,0,0.22886796
0,0,0.03974741
0,0,0.1114545
0,0,0.095025286
0,0,0.030504638
1,1,0.9028058
0,0,0.09917103
0,0,0.14940016
0,0,0.033612095
0,0,0.03529672
0,0,0.11059239
0,0,0.11815484
0,0,0.21331248
0,0,0.13434632
0,0,0.15006204
0,0,0.12153151
0,0,0.04443582
0,0,0.118793264
0,0,0.06512382
0,0,0.08542044
0,0,0.047586553
0,0,0.11513896
0,0,0.123969756
0,0,0.04465205
0,0,0.09004357
0,0,0.043060042
0,0,0.113460936
0,0,0.06699948
0,0,0.08351014
1,1,0.6887976
0,0,0.06572012
0,0,0.026462737
1,1,0.5987089
0,0,0.12385787
0,0,0.33021465
0,0,0.082086086
0,0,0.072868474
0,0,0.08849822
1,0,0.053094774
0,0,0.25219858
1,0,0.18385096
0,0,0.17600092
0,0,0.11982687
1,1,0.68714744
0,0,0.05094123
0,0,0.078599036
0,0,0.07469552
0,0,0.040375866
1,0,0.11145657
0,0,0.10106786
0,0,0.041075885
0,0,0.15599783
0,0,0.0759006
1,1,0.7861141
0,0,0.041382663
0,0,0.06515797
0,0,0.16674285
1,1,0.82014227
0,0,0.10984652
0,0,0.10560036
0,0,0.06720699
0,0,0.07740937
1,0,0.3601441
0,0,0.06141714
0,0,0.28857595
0,0,0.2572854
0,0,0.090280354
0,0,0.05449579
0,0,0.053981233
0,0,0.25516155
0,0,0.2923265
0,0,0.07626983
0,0,0.30010334
1,0,0.29550987
0,0,0.08141115
0,0,0.13204667
0,0,0.10684395
0,0,0.26400352
0,0,0.14565969
0,0,0.042785205
0,0,0.1480022
0,0,0.321443
1,0,0.20348683
1,1,0.7130969
0,0,0.043025974
0,0,0.042729646
0,0,0.108130716
1,1,0.7025519
0,0,0.07111701
1,1,0.8484125
0,0,0.05655087
0,0,0.17933635
0,1,0.6698605
0,0,0.05730188
1,0,0.4042448
0,0,0.10427179
0,0,0.049679108
0,0,0.28683835
0,0,0.087182485
0,0,0.07262321
0,0,0.026634654
0,0,0.06914763
0,0,0.03811597
0,0,0.29421422
0,0,0.041277535
0,0,0.043395523
0,0,0.06414627
1,0,0.2675147
0,1,0.6590214
0,0,0.027178565
0,0,0.27126247
0,0,0.03946995
1,0,0.14934061
0,0,0.04286597
0,0,0.057324566
0,0,0.15551326
0,0,0.048763677
0,0,0.10276438
0,0,0.03249092
1,0,0.046756893
1,1,0.64781266
0,0,0.05432556
1,1,0.9368038
0,0,0.1467897
0,0,0.09132419
0,0,0.084919974
0,0,0.05865238
1,1,0.6079074
0,0,0.21067998
1,0,0.32503667
0,0,0.06584003
0,0,0.13394429
0,0,0.047114044
0,0,0.0718564
0,0,0.09373015
0,0,0.203428
0,0,0.02958566
0,0,0.053660356
0,0,0.0982953
0,0,0.029606178
0,0,0.0666882
0,0,0.1921602
0,0,0.04795668
0,0,0.23179929
0,0,0.054909825
0,0,0.061367474
1,1,0.74726236
0,0,0.06845619
0,0,0.22813101
0,0,0.09486469
0,0,0.054221768
0,0,0.0325381
0,0,0.08187073
1,0,0.2452592
0,0,0.06966531
0,0,0.03469619
0,0,0.06918373
0,0,0.10807903
0,0,0.12430283
0,0,0.09129965
0,0,0.07707751
0,0,0.07086341
0,0,0.030288836
0,0,0.05002276
0,0,0.10011841
0,0,0.08202608
0,0,0.033215605
0,0,0.18032257
1,1,0.56672263
0,0,0.09946093
0,0,0.05739181
0,0,0.024586808
0,0,0.03546534
0,0,0.058935903
0,0,0.086902186
1,1,0.9027926
0,0,0.052600868
0,0,0.054654848
0,0,0.067853816
0,0,0.055511523
0,0,0.06852852
0,0,0.049100198
0,0,0.08883045
0,0,0.07675068
0,0,0.04993598
1,0,0.11039378
0,0,0.37670323
0,0,0.027190994
0,0,0.05596623
0,0,0.1451441
0,0,0.12796009
0,0,0.050490785
0,0,0.14163814
0,0,0.14232247
0,0,0.037227027
0,0,0.062132318
0,0,0.0910764
0,0,0.07361321
0,0,0.062967665
0,0,0.032993365
0,0,0.060201228
0,0,0.1969492
0,0,0.07694139
0,0,0.027009243
1,1,0.73227054
0,0,0.13290742
0,0,0.10862057
0,0,0.13844435
0,0,0.07337878
0,0,0.037621282
1,1,0.47271284
1,1,0.9522635
0,0,0.036765575
0,0,0.09494598
0,0,0.058123536
0,0,0.057845045
0,0,0.08831532
0,0,0.078664616
1,1,0.67483294
0,0,0.23448372
0,0,0.056834467
0,0,0.1345756
0,0,0.06745244
0,0,0.031937886
0,0,0.0626989
1,0,0.08489734
0,0,0.11180421
0,0,0.040814035
0,0,0.28481802
0,0,0.18907785
1,0,0.1424064
0,0,0.13693938
0,0,0.058284752
0,0,0.033799883
1,1,0.8408737
0,0,0.076862425
0,0,0.08302802
0,0,0.073562995
0,0,0.0691662
0,0,0.41405517
0,0,0.07699297
0,0,0.05186882
1,0,0.31114364
0,0,0.18078989
0,0,0.31679288
0,0,0.11143569
0,0,0.04738245
0,0,0.09317609
0,0,0.049485266
0,0,0.14364302
0,0,0.14343941
0,0,0.102658644
0,0,0.0659212
0,0,0.10245637
0,0,0.064535245
0,0,0.094558656
0,0,0.04949171
0,0,0.056247123
0,0,0.04962781
0,0,0.20271316
1,0,0.17271206
0,0,0.061511535
0,0,0.067399204
0,0,0.091742955
0,0,0.055459462
0,0,0.061909664
0,0,0.052345544
0,0,0.06205065
0,0,0.08244158
0,0,0.07866781
0,0,0.041859344
0,0,0.057362895
0,0,0.050584573
0,0,0.048599355
0,0,0.06395197
0,0,0.04662802
1,1,0.74712765
0,0,0.10237644
0,0,0.04546723
1,1,0.88177836
0,0,0.07035683
0,0,0.13290273
0,0,0.061140932
0,0,0.22458105
0,0,0.16591766
1,0,0.11809824
0,0,0.033415023
0,0,0.0662021
0,0,0.053916596
0,0,0.049482703
0,0,0.039136443
0,0,0.18204124
0,0,0.05670365
0,0,0.05799855
0,0,0.0424663
0,0,0.23901014
0,0,0.106537186
0,0,0.052671682
1,1,0.45396924
0,0,0.04058832
0,0,0.1063028
1,0,0.06977328
0,0,0.10221146
0,0,0.027957162
0,0,0.07118703
0,0,0.03780726
0,0,0.2916375
1,1,0.8343829
0,0,0.056737
0,0,0.033823553
0,0,0.17644408
0,1,0.51458895
1,0,0.15010387
0,0,0.059908055
0,0,0.1798962
0,0,0.034012817
0,0,0.08021793
0,0,0.07288937
1,0,0.1344574
0,0,0.039738216
1,0,0.20661286
0,0,0.04491022
1,1,0.7553767
0,0,0.09646504
0,0,0.04136066
0,0,0.12594908
0,0,0.08542732
0,0,0.096294075
0,0,0.056212973
0,0,0.08484422
0,0,0.033531494
0,0,0.043521743
0,0,0.12987831
1,0,0.088544905
0,0,0.05719289
0,0,0.047347788
0,0,0.077343866
0,0,0.061620615
0,0,0.18717618
1,0,0.21089824
0,0,0.038925502
0,0,0.06621681
0,0,0.07988437
1,0,0.049726702
0,0,0.092314936
0,0,0.0802616
0,0,0.06267762
1,0,0.042153373
0,0,0.03461038
0,1,0.51739395
0,0,0.094410345
0,0,0.048901476
0,0,0.054864563
1,0,0.14166018
0,0,0.20123549
0,0,0.13520189
0,0,0.028709179
1,1,0.46323293
0,0,0.16502997
0,0,0.037544537
0,0,0.112996005
0,0,0.04299342
0,0,0.0916642
0,0,0.061785094
0,0,0.16074519
0,0,0.10019205
0,0,0.09542136
0,0,0.068877615
0,0,0.08049111
0,0,0.07369025
0,0,0.03846797
0,0,0.034816545
0,0,0.05743561
0,0,0.047792
0,0,0.04960274
0,0,0.07838804
0,0,0.19820492
0,0,0.12400526
1,0,0.14944857
0,0,0.08929958
0,0,0.040793594
0,0,0.18428025
0,0,0.10273512
0,0,0.03160719
0,0,0.065011114
0,0,0.07564688
0,0,0.13075244
0,0,0.2419593
0,0,0.05479197
0,0,0.13320139
0,0,0.029057365
1,0,0.09046818
0,0,0.109693035
0,0,0.08675056
1,1,0.8515843
0,0,0.07897514
1,1,0.44907266
0,0,0.17633183
0,0,0.09567021
0,0,0.041592382
0,0,0.033475712
0,0,0.109423935
0,0,0.034614146
0,0,0.13456573
0,0,0.04397762
0,0,0.13889971
0,0,0.12324808
0,1,0.60567355
0,0,0.038377207
0,0,0.21433897
0,0,0.076394275
0,0,0.10303466
0,0,0.062770545
0,0,0.040947102
0,0,0.092895426
0,0,0.03845511
0,1,0.7316898
0,0,0.14440438
0,0,0.053254344
0,0,0.115149476
0,0,0.05256203
0,0,0.4238553
0,0,0.030555824
0,0,0.15678693
0,0,0.13430074
1,0,0.076864995
0,0,0.0676422
0,0,0.22309312
1,1,0.70032513
0,0,0.115640566
0,0,0.07636369
0,0,0.048593212
0,0,0.060164966
0,0,0.035570554
0,0,0.028888648
0,0,0.03976389
0,0,0.08552153
0,0,0.033241563
0,0,0.060840763
1,0,0.10515851
0,0,0.03419604
0,0,0.06700667
1,1,0.5729122
0,0,0.2223984
0,0,0.033825655
0,0,0.102040194
0,0,0.123152636
0,0,0.17073947
0,0,0.15170845
0,0,0.07690718
0,0,0.21239479
0,0,0.05446458
0,0,0.059007168
0,0,0.032713108
0,0,0.12501173
0,0,0.14095254
1,0,0.09820162
0,0,0.04388377
0,0,0.03352166
0,0,0.06480598
0,0,0.14682245
0,0,0.08321719
0,0,0.042570464
0,0,0.18152584
0,0,0.0479308
1,1,0.765993
1,0,0.35954678
0,0,0.0995054
0,0,0.04176939
0,0,0.11273211
0,0,0.051042516
0,0,0.15603788
0,0,0.02998522
0,0,0.057319243
0,0,0.1651599
0,0,0.04213386
0,0,0.13177606
1,1,0.88937557
0,0,0.08480054
0,0,0.06226442
0,0,0.05994321
0,0,0.033179853
0,0,0.03712643
0,0,0.06389047
0,0,0.04418344
0,0,0.07384758
0,0,0.055794705
0,0,0.066704005
0,0,0.047112215
0,0,0.074500576
0,0,0.087581396
0,0,0.16308606
0,0,0.04307493
0,0,0.13852197
0,0,0.048090037
0,0,0.08261452
0,0,0.03855763
0,0,0.07679183
0,0,0.20058838
0,0,0.08593528
0,0,0.044847365
1,1,0.8249191
0,0,0.07739789
0,0,0.18255487
0,0,0.056078266
0,0,0.059457112
0,0,0.062193193
0,0,0.040930036
0,0,0.06233889
0,0,0.082049504
0,0,0.081686854
0,0,0.14289676
0,0,0.23295803
0,0,0.06522274
0,0,0.049351074
0,0,0.056673836
0,0,0.03742546
0,0,0.04347831
0,0,0.031455517
1,0,0.17481871
0,0,0.16463548
0,0,0.040448725
0,0,0.113970794
1,1,0.59507835
0,0,0.046392895
0,0,0.1321068
0,0,0.22271962
0,0,0.06252016
1,0,0.23917945
0,0,0.10506366
0,0,0.07553764
0,0,0.051273555
1,1,0.65269226
0,0,0.07513209
0,0,0.17075896
0,0,0.1120221
0,0,0.04369033
0,0,0.33323562
0,0,0.08258263
0,0,0.03732996
0,0,0.03264857
0,0,0.07408488
0,0,0.10769943
0,0,0.032329865
1,0,0.03155506
0,0,0.03195675
0,0,0.23461977
1,1,0.75376475
0,0,0.043828346
1,0,0.38745284
0,1,0.4185299
0,0,0.0507269
0,0,0.056990195
0,0,0.03496559
0,0,0.034144543
0,0,0.033969924
0,0,0.19598684
1,0,0.2855162
0,0,0.094588555
0,0,0.04091202
0,0,0.025500784
0,0,0.05290833
0,0,0.05638951
1,0,0.049806427
0,0,0.053282596
0,0,0.057566203
0,0,0.061397694
0,0,0.061056226
0,0,0.0813569
0,0,0.062584765
0,0,0.09423657
0,0,0.10879693
0,0,0.05084948
1,1,0.47568327
0,0,0.13496777
0,0,0.032624066
0,0,0.07992848
0,0,0.08216274
0,0,0.07824096
0,0,0.055042066
1,0,0.25881326
0,0,0.058808684
0,0,0.064836785
0,0,0.07867183
1,0,0.35577124
0,0,0.0509756
0,0,0.10312275
0,0,0.065843694
0,0,0.04463162
0,0,0.044512518
0,0,0.053418726
0,0,0.09958796
0,0,0.25910586
0,0,0.09476341
1,1,0.92286146
0,0,0.13318722
0,0,0.055804867
0,0,0.0358915
0,0,0.06092258
0,0,0.07158229
0,0,0.110802606
0,0,0.12048576
0,0,0.03452711
0,0,0.079763435
0,0,0.23673777
0,0,0.20658147
0,0,0.06229787
0,0,0.07155248
0,0,0.104564324
0,0,0.09624684
0,0,0.13444355
0,0,0.15802093
0,0,0.047917075
0,0,0.06028049
0,0,0.040607985
0,0,0.04883802
0,0,0.07387724
1,0,0.1509068
0,0,0.075886145
0,0,0.06447092
0,0,0.062398862
1,1,0.77144593
0,0,0.20296244
0,0,0.1418738
0,0,0.08076688
0,0,0.06314342
0,0,0.3337024
1,0,0.1404638
1,0,0.068859875
0,0,0.04564811
0,0,0.060499616
0,0,0.062893935
0,0,0.08925965
0,0,0.04452361
0,0,0.046227083
0,0,0.057654798
0,0,0.13431166
0,0,0.09109001
0,0,0.1143356
0,0,0.044435184
0,0,0.06852697
0,0,0.028302306
0,0,0.06729235
0,0,0.32213855
0,0,0.3423137
0,0,0.061971843
0,0,0.04938217
0,0,0.08266912
0,0,0.07982732
0,0,0.055863816
0,0,0.091108635
0,0,0.33153322
0,0,0.04989956
0,0,0.061438333
0,0,0.113054335
1,0,0.3242616
0,0,0.051011305
0,0,0.06397892
0,0,0.052024532
1,1,0.84515077
0,0,0.42007637
0,0,0.04278915
0,0,0.058907032
0,0,0.047087103
0,0,0.13938595
0,0,0.056186765
0,0,0.065866895
0,0,0.31803846
1,0,0.37573144
1,1,0.5626719
0,0,0.051817864
0,0,0.05911427
0,0,0.06374878
0,0,0.039940942
0,0,0.23652998
0,0,0.19422375
0,0,0.040861666
0,0,0.053465545
0,0,0.05045306
0,0,0.07949798
0,0,0.33767146
0,0,0.067213915
0,0,0.09159383
0,0,0.3085794
0,0,0.12203519
0,0,0.15007633
0,0,0.093650594
0,0,0.08400919
0,0,0.10311351
0,0,0.090726405
0,0,0.067584075
0,0,0.09480025
0,0,0.3478442
1,1,0.84622365
0,0,0.089178815
0,0,0.10963855
0,0,0.0354129
0,0,0.035374854
0,0,0.10530516
0,0,0.06484139
0,0,0.2143647
0,0,0.03130352
0,1,0.45678633
0,0,0.031786866
0,0,0.24968305
1,0,0.10596298
0,0,0.15028416
0,1,0.4567484
0,0,0.1237041
0,0,0.30511293
0,0,0.20837894
0,0,0.120014645
0,0,0.037175838
0,0,0.08406557
0,0,0.13403723
0,0,0.27996594
0,0,0.04256781
0,0,0.23255625
0,0,0.13389829
0,0,0.1352152
0,0,0.09816252
0,0,0.071862616
0,0,0.09150877
0,0,0.1716566
0,0,0.060984872
1,1,0.9006783
0,0,0.2515245
0,0,0.058927037
0,0,0.35363254
1,0,0.4296226
0,0,0.15539324
0,0,0.061921358
1,0,0.07950312
0,0,0.049835037
0,0,0.033662908
1,0,0.056478094
0,0,0.036582626
0,0,0.038123086
0,0,0.19740479
0,0,0.046309542
0,0,0.054059714
0,0,0.03815507
0,0,0.030774066
0,0,0.051923096
0,0,0.12959556
0,0,0.3422724
0,0,0.09171216
0,0,0.07767926
0,0,0.0828284
0,0,0.18291911
0,0,0.039244838
0,0,0.077928275
0,0,0.06353002
0,0,0.11572945
0,0,0.068792775
0,0,0.09566575
0,0,0.07831782
0,0,0.040270317
0,0,0.10907547
0,0,0.039152294
1,0,0.22035155
0,0,0.06307016
0,0,0.056931842
0,0,0.16274634
0,0,0.3481721
1,0,0.26546824
0,0,0.077596895
0,1,0.7292078
1,1,0.7060374
0,0,0.19658029
0,0,0.08157447
0,0,0.037796356
0,0,0.045048416
0,0,0.2699194
0,0,0.05718242
0,0,0.11981003
0,0,0.077424504
0,0,0.07521893
0,0,0.03928304
0,0,0.080728635
0,0,0.07317956
0,0,0.07100533
0,0,0.0754913
0,1,0.66453063
0,0,0.12222588
0,0,0.05506438
0,0,0.059163697
1,1,0.967577
0,0,0.19248538
0,0,0.10947192
0,0,0.05882458
0,0,0.06719582
0,0,0.050029524
0,0,0.15038009
1,1,0.9687363
0,0,0.28413066
0,0,0.10336244
0,0,0.07555587
0,0,0.13690531
0,0,0.07825714
0,0,0.16633254
0,0,0.084737584
0,0,0.1425309
0,0,0.044755694
0,0,0.08884064
0,0,0.049813464
0,0,0.053098153
0,0,0.0424139
0,0,0.10450883
0,0,0.096389145
0,0,0.09950005
0,0,0.08845433
0,0,0.0487003
0,0,0.047418214
0,0,0.0294852
0,0,0.15137793
0,0,0.09531892
0,0,0.067058064
0,0,0.07701747
0,0,0.07546361
0,0,0.030484285
0,0,0.051972885
0,0,0.028185934
0,0,0.07672232
1,1,0.6350784
0,0,0.09381842
0,0,0.25142625
0,0,0.096924044
0,0,0.0691378
0,0,0.14121303
0,0,0.046239585
0,0,0.05749352
0,0,0.06587798
0,0,0.068981536
0,0,0.04770165
0,0,0.03451588
0,0,0.05019956
0,0,0.07170152
0,0,0.08400184
0,0,0.0637728
0,0,0.081456974
1,0,0.16560271
0,0,0.09057064
0,0,0.09669793
0,0,0.17115316
0,0,0.04961869
0,0,0.3880105
1,0,0.15179625
0,0,0.221715
0,0,0.13035904
0,0,0.040870436
0,0,0.04638474
0,0,0.033845484
0,0,0.19546792
0,0,0.14595881
0,0,0.14937824
0,0,0.032321073
0,0,0.044515617
0,0,0.045830455
0,0,0.05537055
0,0,0.10064776
0,0,0.06316163
0,0,0.05377093
0,0,0.15170124
0,0,0.09789731
0,1,0.56878364
0,0,0.05769378
0,0,0.02916656
0,0,0.06950274
0,0,0.06477983
0,0,0.070055045
0,0,0.11044564
0,0,0.03244049
0,0,0.1306778
0,0,0.04191602
1,1,0.78802985
0,0,0.07344307
0,0,0.06759791
0,0,0.0656186
0,0,0.037435886
0,0,0.13924812
0,0,0.03730628
0,0,0.051926613
1,0,0.19808435
1,0,0.17300616
0,0,0.054535042
0,0,0.18190111
0,0,0.14546478
0,0,0.12663396
0,0,0.09227768
0,0,0.033424538
0,0,0.07368626
0,0,0.037264396
0,0,0.05558188
0,0,0.04399944
0,0,0.03334177
0,0,0.087644175
0,0,0.12571117
0,0,0.1305961
0,0,0.08475846
0,0,0.06938879
0,0,0.059702534
0,0,0.26077065
0,0,0.057305254
0,0,0.057969917
0,0,0.057304043
0,0,0.2546735
0,0,0.22887015
0,0,0.044365436
0,0,0.33612603
0,0,0.076303825
1,0,0.1540042
0,0,0.08039106
0,0,0.033049066
0,0,0.02685606
0,0,0.24290152
0,0,0.118060604
0,0,0.08903923
0,0,0.052422654
0,0,0.16451436
0,0,0.109941944
0,0,0.100046836
0,0,0.14359896
0,0,0.045413934
0,0,0.22285299
0,0,0.07294881
0,0,0.10774437
1,0,0.38665506
0,0,0.04321622
0,0,0.17683046
0,0,0.08489446
0,0,0.045752402
0,0,0.060834862
0,0,0.04918421
1,0,0.09603876
0,1,0.73176605
0,0,0.06835946
0,0,0.06284182
0,0,0.04257869
0,0,0.046164043
0,0,0.25454846
0,0,0.08092917
0,0,0.100449644
1,0,0.12714593
0,0,0.2962281
0,0,0.36559027
0,0,0.04764713
0,0,0.062330402
0,0,0.029112691
0,0,0.06130293
0,1,0.4425715
0,0,0.08704165
0,1,0.65410674
0,0,0.07883633
0,0,0.06770628
0,0,0.045065146
0,0,0.09383496
0,0,0.065156795
0,0,0.04322972
0,0,0.05617239
0,0,0.10080379
0,0,0.03870302
0,0,0.052640058
0,0,0.06804053
0,0,0.03196324
0,0,0.039475508
0,0,0.17749941
0,0,0.06205461
0,0,0.037170865
0,0,0.06896473
0,0,0.034698576
0,0,0.059594236
0,0,0.033644646
0,0,0.06645843
0,0,0.08048299
0,0,0.056319885
0,0,0.099121235
0,0,0.066619195
0,0,0.32722962
0,0,0.15993702
0,0,0.038003717
1,0,0.34887615
0,0,0.0467782
0,0,0.08058886
0,0,0.07065825
0,0,0.049596302
1,0,0.15161029
1,0,0.11224006
1,0,0.10082716
1,1,0.9609188
1,1,0.65454555
1,0,0.11822665
1,1,0.6735733
1,0,0.1255755
1,1,0.6523782
1,0,0.2265089
1,0,0.28538078
1,1,0.48278585
1,0,0.108671114
1,0,0.25289258
1,1,0.8483774
1,0,0.25998116
1,0,0.2341624
1,0,0.118379235
1,0,0.20040298
1,1,0.9177309
1,0,0.103336476
1,1,0.9184474
1,1,0.8405722
1,0,0.096576825
1,0,0.2622775
1,0,0.14774328
1,0,0.23157087
1,0,0.30345064
1,1,0.85287654
1,0,0.25799862
1,0,0.07560988
1,1,0.85863286
1,0,0.09181885
1,0,0.14378165
1,0,0.2788875
1,0,0.11182227
1,0,0.23452275
1,1,0.4755567
1,0,0.30488545
1,1,0.64175504
1,0,0.4192864
1,0,0.118340276
1,0,0.11471178
1,0,0.12061007
1,0,0.1954914
1,0,0.050267506
1,1,0.5427693
1,0,0.26305053
1,1,0.5828793
1,1,0.9192249
1,0,0.15014628
1,0,0.19141617
1,1,0.6899387
1,0,0.0971233
1,1,0.8935178
1,0,0.06977614
1,0,0.13435814
1,0,0.35173094
1,0,0.2730316
1,1,0.88719714
1,1,0.65449846
0,0,0.08419115
1,1,0.89855254
1,1,0.7403879
1,0,0.1604419
1,0,0.26622927
1,1,0.6732818
1,0,0.4176386
1,1,0.52485627
1,0,0.19648269
1,0,0.17947781
1,0,0.115283825
1,1,0.9434513
1,0,0.3870763
1,1,0.7549286
1,0,0.055702977
1,0,0.09223689
1,0,0.48892727
1,0,0.33299792
1,0,0.047326054
1,1,0.7187084
1,0,0.14269835
1,1,0.56809676
1,0,0.3334283
1,0,0.32636812
0,0,0.111262225
1,1,0.47824478
1,0,0.036929224
1,0,0.44142833
1,0,0.3743679
1,0,0.15933233
1,0,0.09971837
1,1,0.6443898
1,0,0.108284116
1,1,0.63379055
0,0,0.110498466
1,1,0.9627124
0,0,0.12460999
1,0,0.09441018
1,0,0.30409414
1,0,0.24099135
1,0,0.10311127
1,0,0.26186627
1,1,0.7860352
1,1,0.6193646
0,0,0.07909957
1,0,0.117987536
1,1,0.6828643
1,0,0.04676912
1,0,0.4556964
0,1,0.77507204
1,1,0.44402233
1,1,0.8279379
1,0,0.2360115
0,0,0.045964673
0,0,0.061490018
1,1,0.9195504
1,0,0.08267756
1,1,0.4932599
1,0,0.042960856
1,0,0.20764033
1,0,0.43555912
1,0,0.17003283
1,0,0.1993131
1,0,0.12900837
1,0,0.08011556
1,1,0.78382045
1,0,0.18308705
1,1,0.62730175
1,1,0.8721682
1,0,0.32148072
1,1,0.9014255
1,0,0.31934553
1,0,0.053734563
1,1,0.8567279
0,0,0.09573605
1,1,0.5807988
1,0,0.06705115
1,1,0.7546733
1,1,0.9658143
1,1,0.8064836
1,0,0.3505686
1,0,0.09935975
1,1,0.7139338
0,0,0.06565681
1,1,0.69500285
0,0,0.04745964
0,0,0.29665995
1,1,0.5450435
1,0,0.06978546
0,0,0.056680836
1,1,0.9155936
1,0,0.33910656
1,0,0.3373805
1,0,0.09420253
1,1,0.76918936
1,0,0.26310116
1,1,0.834128
1,0,0.030558458
1,1,0.93624574
1,1,0.80367976
0,0,0.034563046
1,1,0.77811015
0,0,0.055525042
0,0,0.094259545
1,0,0.4182887
1,1,0.8108481
1,1,0.72366184
0,0,0.06952106
1,0,0.3947371
1,0,0.123252675
1,1,0.9312738
1,0,0.41084075
1,1,0.9164859
1,0,0.17980005
1,0,0.42787045
1,0,0.14340189
1,0,0.3376948
1,0,0.14949262
1,0,0.30505598
1,1,0.8256551
1,1,0.6910223
1,1,0.6256506
0,0,0.10220597
0,0,0.28640175
1,1,0.95364666
1,1,0.7211463
1,1,0.8215005
0,1,0.6089233
1,1,0.8444668
1,1,0.941312
0,0,0.09085512
1,0,0.08935939
1,1,0.5077041
1,1,0.89949644
1,1,0.7252299
1,1,0.8447161
1,1,0.47641152
1,1,0.86212385
1,1,0.83306533
1,1,0.856396
1,1,0.9239893
1,0,0.33148137
1,0,0.18681057
1,1,0.9238895
1,1,0.7005701
0,0,0.17630549
1,1,0.9144284
1,0,0.392239
1,1,0.6401045
1,1,0.82769835
1,1,0.54832774
1,1,0.7976481
1,1,0.92403394
1,1,0.7003961
1,1,0.807786
1,1,0.71455556
1,0,0.40066117
1,0,0.20005302
1,0,0.30237806
1,1,0.75420433
1,1,0.94095755
1,1,0.90338814
1,1,0.78113776
1,0,0.16630903
1,1,0.8869848
1,0,0.21619794
1,1,0.8224737
1,1,0.9161054
1,0,0.19526777
1,1,0.83667386
1,0,0.11406152
1,1,0.60241365
1,1,0.49899775
1,1,0.6197858
1,1,0.6358323
1,0,0.13160959
1,0,0.21348219
1,1,0.67465365
1,1,0.7474607
1,1,0.5247575
1,1,0.56678945
1,0,0.3753155
1,0,0.31664425
1,1,0.6188171
1,1,0.47970214
1,0,0.4212346
1,0,0.24726978
1,1,0.90024316
1,1,0.52179015
1,1,0.8074719
1,1,0.5016923
1,1,0.5500538
1,1,0.82651234
1,0,0.1457675
1,0,0.20310216
1,1,0.67121506
1,1,0.90999365
1,1,0.5883974
1,1,0.69657695
1,1,0.5839015
1,1,0.85142267
1,1,0.8060687
1,1,0.48357135
1,1,0.8889125
1,0,0.12551364
1,1,0.7552306
1,1,0.9276122
1,1,0.8966662
1,0,0.13988301
1,1,0.69891375
1,0,0.40455827
1,1,0.779284
1,1,0.77451783
1,1,0.96752346
1,1,0.88776034
0,0,0.1209687
1,1,0.56222904
1,0,0.22970228
1,1,0.77327245
1,0,0.30335417
1,1,0.8557557
1,1,0.8947113
1,1,0.74215364
1,1,0.6078731
1,1,0.7798547
1,0,0.35507727
1,0,0.2618804
1,0,0.26860246
1,0,0.09497006
1,0,0.32460722
1,0,0.34912992
1,1,0.69527763
1,0,0.16329053
1,0,0.09741958
1,1,0.8372593
1,1,0.77130204
1,0,0.3283644
1,0,0.30280113
1,1,0.68545943
1,1,0.82069266
1,1,0.5105852
1,1,0.94874394
1,1,0.79254526
1,1,0.6127238
1,0,0.25899866
1,1,0.6195924
1,1,0.6508364
1,1,0.6877702
1,0,0.29802173
1,1,0.7744943
1,1,0.6221151
1,0,0.25498715
1,0,0.29672015
1,0,0.373452
1,0,0.23542464
1,0,0.2654461
1,1,0.77211106
1,0,0.26053193
1,0,0.2521076
1,0,0.26127183
1,0,0.3099734
1,0,0.08192278
1,0,0.09343379
1,1,0.78543395
1,1,0.71165955
1,1,0.689095
1,0,0.34361866
1,0,0.30031464
1,0,0.0574977
1,0,0.18325336
1,0,0.09000778
1,1,0.6543509
1,0,0.42285618
1,0,0.0720163
1,1,0.68420327
1,0,0.37439623
1,1,0.67953193
1,1,0.69158494
1,0,0.18113446
1,1,0.8889636
1,0,0.40134186
1,0,0.18293361
1,1,0.75522596
1,0,0.055398606
1,1,0.47237882
1,0,0.1410199
1,0,0.44181007
1,1,0.7222945
1,1,0.9239043
1,0,0.27509975
1,1,0.5082477
1,1,0.9647027
1,0,0.24600944
1,0,0.34143788
1,1,0.3963753
1,1,0.7539315
1,0,0.17127077
1,0,0.17515583
1,0,0.11796687
1,1,0.5264042
1,0,0.46907204
1,1,0.5354257
1,1,0.7098861
1,1,0.53946835
1,1,0.88812274
1,0,0.19710803
1,0,0.16191465
1,0,0.09927946
1,0,0.22166574
1,0,0.15327433
1,0,0.3707086
1,0,0.109122716
1,0,0.33208048
1,0,0.22702591
1,1,0.8377097
1,0,0.4304983
1,0,0.18218896
1,0,0.16949777
1,1,0.79145384
1,1,0.7022705
0,0,0.09908174
1,0,0.12076259
1,1,0.66096437
1,0,0.12117256
1,0,0.19955385
1,1,0.7909161
1,1,0.40615138
1,1,0.60356677
0,0,0.3648631
0,0,0.05140134
0,0,0.37864056
1,1,0.9062313
1,1,0.4199143
1,0,0.11083229
1,1,0.46138874
1,0,0.1902955
1,1,0.4595295
1,0,0.12746093
1,0,0.27319825
1,0,0.286926
1,0,0.14533646
0,0,0.110554025
1,0,0.3473633
1,0,0.36250255
1,0,0.23645821
1,0,0.09673191
1,1,0.43808788
1,0,0.27032822
1,1,0.54158103
1,0,0.17072561
1,0,0.17384413
1,1,0.6828371
1,1,0.50076175
1,0,0.30134955
1,1,0.81970376
1,0,0.04001117
1,1,0.40955192
1,1,0.7208492
1,0,0.29465657
1,0,0.07544527
1,0,0.064281836
1,0,0.15824713
1,0,0.18326893
1,1,0.65199953
1,1,0.7273277
1,0,0.21150923
1,0,0.049813204
1,0,0.045800723
1,0,0.11126051
1,0,0.19861355
1,0,0.101417005
1,0,0.34577745
1,0,0.38436216
1,0,0.13495657
1,1,0.6410163
1,0,0.20445545
1,1,0.83078194
1,0,0.108026125
1,0,0.19267039
1,0,0.08966477
1,1,0.69737464
1,1,0.81587565
1,0,0.16312811
1,0,0.044236373
1,0,0.14404497
1,1,0.901522
1,0,0.24604848
1,0,0.122274354
1,0,0.062144138
1,1,0.7211106
1,0,0.09359442
1,0,0.07592261
1,0,0.36194405
1,1,0.910738
1,0,0.26566845
1,1,0.93086016
1,1,0.6169996
1,0,0.18589297
1,0,0.4041915
1,0,0.18997046
1,0,0.4036379
1,0,0.17839459
1,1,0.73293495
1,1,0.8184153
1,0,0.08861443
1,0,0.23917313
1,0,0.03947375
1,1,0.92960596
1,0,0.11743722
1,0,0.2092921
1,1,0.8009958
1,0,0.27640492
1,1,0.46946892
1,1,0.8492301
1,1,0.48523307
1,1,0.6641656
1,1,0.4090542
1,1,0.7608342
1,0,0.22433257
1,1,0.51339495
1,1,0.58649313
1,0,0.22617638
1,1,0.779106
1,0,0.24123979
1,0,0.10877526
0,0,0.12015927
1,0,0.4291092
1,0,0.1522361
1,0,0.15476692
1,1,0.821551
1,0,0.17777169
0,0,0.17563114
1,0,0.12301363
0,0,0.07937326
1,0,0.063512
1,0,0.371332
0,1,0.64879686
1,0,0.090641595
1,0,0.23640308
1,0,0.11778849
1,0,0.2083396
1,1,0.9411348
1,0,0.1734363
1,1,0.8053786
1,0,0.33004996
1,0,0.04482231
1,1,0.80801344
0,0,0.12353243
1,0,0.11742475
1,0,0.22465578
1,1,0.7532254
1,1,0.82578295
1,1,0.8524057
1,0,0.05313792
1,0,0.123219274
1,0,0.06858568
1,0,0.10211392
1,1,0.67145956
1,1,0.83938247
1,0,0.09210143
1,0,0.09619993
1,1,0.87935495
1,0,0.064110175
1,0,0.15771952
1,0,0.06945543
1,0,0.17385384
0,0,0.24169965
1,0,0.092994325
1,0,0.16963927
1,1,0.8947827
1,0,0.06866295
1,0,0.17578042
1,0,0.35106882
1,0,0.45928437
1,0,0.25131366
1,0,0.10761659
1,0,0.08549206
1,0,0.16975802
1,0,0.19890586
1,0,0.12854883
1,0,0.1342726
1,1,0.49180928
1,0,0.4690586
1,0,0.06408906
1,0,0.08061456
1,0,0.1599678
1,0,0.1583987
1,0,0.13780448
1,0,0.10652695
1,0,0.2817041
1,0,0.14689055
1,0,0.3649505
1,0,0.05092761
1,0,0.06763395
1,0,0.16879985
1,0,0.35700765
1,0,0.06141599
1,0,0.17418179
1,0,0.14420475
1,0,0.14552012
1,1,0.89491004
1,0,0.07522001
1,0,0.09960382
1,0,0.059762973
1,0,0.075642504
1,0,0.061273597
1,0,0.07047265
1,1,0.54062295
1,0,0.069917396
1,1,0.73925936
0,0,0.22475152
1,1,0.805929
1,0,0.23439018
1,1,0.7367412
1,1,0.82649153
1,1,0.65365
1,0,0.05143096
1,0,0.25105062
1,0,0.20395605
1,1,0.9363454
1,0,0.069823384
1,0,0.34406537
0,0,0.14718841
1,0,0.10719256
1,0,0.11402458
1,0,0.1588675
1,0,0.12556931
1,1,0.60424924
1,0,0.17808416
1,1,0.5145834
1,0,0.3093854
1,0,0.082977496
1,0,0.4200933
1,0,0.10932253
1,0,0.104408994
1,1,0.6627592
1,0,0.50373936
1,1,0.7561792
1,1,0.7386903
1,0,0.19827269
1,1,0.882638
1,0,0.10004117
1,0,0.1862474
1,0,0.061439775
1,1,0.8879941
1,1,0.44988918
1,1,0.6121923
1,0,0.27782354
1,0,0.24941373
1,0,0.07835652
1,0,0.098013006
1,0,0.17280015
1,1,0.8954317
1,0,0.23553121
1,0,0.12159376
1,0,0.12394875
1,0,0.13104011
1,0,0.28813308
1,1,0.8431255
1,0,0.102622665
1,0,0.17869902
1,0,0.037949335
1,1,0.5096045
1,0,0.1336658
0,1,0.5104285
0,0,0.110445045
1,0,0.0828703
1,0,0.058790963
1,0,0.3729183
1,0,0.049862143
1,0,0.37830168
1,0,0.11845815
1,1,0.9152414
1,0,0.25964886
1,0,0.36230117
1,0,0.19604853
1,0,0.12668718
1,0,0.11473725
1,0,0.27802533
1,0,0.052643053
1,1,0.9134861
1,0,0.21681964
1,0,0.082586125
1,0,0.062833846
0,0,0.0730956
1,0,0.23712221
1,0,0.120745026
1,0,0.381162
1,0,0.069792986
1,0,0.107640825
0,0,0.14720397
1,0,0.07842513
1,0,0.14020927
1,0,0.14447784
1,0,0.16175893
1,0,0.10966432
0,0,0.1845068
1,0,0.1537593
0,0,0.20418513
1,1,0.680091
1,1,0.9071574
1,1,0.82615435
1,1,0.58406544
1,1,0.8346511
1,1,0.8881963
0,0,0.1794196
1,0,0.13257834
0,0,0.11142131
1,1,0.96741974
1,1,0.8731302
0,0,0.21511614
1,1,0.61528265
1,1,0.9238895
0,0,0.11921157
1,0,0.21702059
1,1,0.91637266
1,1,0.9631609
1,0,0.36924917
1,0,0.21180439
1,0,0.23494193
1,0,0.08622355
1,0,0.06419076
1,0,0.18889117
1,1,0.9125991
0,0,0.07394343
1,0,0.34906346
1,1,0.9212451
0,0,0.13711286
0,0,0.086596854
1,1,0.67537457
1,0,0.08528014
0,0,0.09027665
1,0,0.13960642
1,0,0.2986862
1,1,0.68049157
0,0,0.10333358
0,0,0.09419525
1,0,0.2577584
0,0,0.088441394
0,0,0.091476455
1,0,0.2726129
0,0,0.16280732
0,0,0.05731698
1,1,0.5124432
1,0,0.18611774
0,0,0.1760498
1,0,0.2612807
1,1,0.8190805
1,1,0.925306
0,0,0.19878855
1,0,0.113539316
0,0,0.24483056
0,0,0.24782328
1,1,0.6658754
1,0,0.21891303
1,1,0.9065735
1,0,0.19458258
1,1,0.44076714
0,0,0.06369149
1,1,0.94133157
0,0,0.122182585
1,0,0.16205238
1,1,0.77959347
1,0,0.28141934
1,0,0.11629987
1,0,0.23677614
0,0,0.12930578
1,1,0.7415067
1,1,0.67446756
1,0,0.22685489
1,0,0.21388438
1,0,0.23758931
1,1,0.43992448
1,0,0.1680008
1,1,0.55736965
1,0,0.18411502
1,0,0.14350787
0,0,0.118939444
1,0,0.11613351
1,0,0.2926376
1,1,0.48678398
1,0,0.09487501
1,0,0.07070295
0,1,0.5302385
1,0,0.09179287
0,0,0.09895722
0,0,0.22552736
1,0,0.070358455
1,1,0.6570463
1,0,0.12251246
1,0,0.30520186
1,1,0.8345849
1,1,0.93444014
0,0,0.10535584
0,0,0.14694676
0,0,0.11910047
1,1,0.9250268
1,0,0.14656518
0,0,0.1212347
1,0,0.4571391
1,1,0.48417473
1,0,0.13898781
0,0,0.052970868
1,1,0.859966
1,0,0.255653
0,0,0.17461547
1,0,0.15413305
1,1,0.93874854
1,0,0.34950465
0,0,0.2066237
0,0,0.054614164
1,0,0.109470144
1,1,0.49024087
0,0,0.10065146
0,0,0.18627164
0,0,0.29836982
1,1,0.7068366
1,0,0.06171157
0,0,0.042221427
0,0,0.13896675
1,1,0.8523472
0,0,0.32531518
0,0,0.1558626
1,1,0.9238415
0,0,0.07155661
0,0,0.12726325
1,0,0.11403029
0,0,0.057132345
1,1,0.6989553
1,0,0.24048147
0,0,0.17979924
1,1,0.88917506
0,0,0.48141462
0,0,0.12808351
0,0,0.34373856
0,0,0.09655766
0,0,0.08103843
1,0,0.4378983
1,0,0.11693802
0,0,0.084802166
0,0,0.060156755
0,0,0.44614276
0,1,0.6424032
1,1,0.9352587
1,0,0.05961564
1,0,0.16101508
1,0,0.28912917
0,0,0.25389656
0,0,0.14384139
0,0,0.2955473
0,0,0.28558317
0,0,0.21360119
1,0,0.3031715
1,0,0.30485663
1,0,0.33789068
1,0,0.06947472
1,0,0.13886161
1,0,0.08960714
1,0,0.057849467
1,0,0.27053404
0,0,0.091645256
0,0,0.08148251
0,0,0.056324877
1,1,0.8606623
1,0,0.07785783
1,0,0.20149457
0,0,0.12232275
0,0,0.083050035
1,0,0.079556376
0,0,0.066541076
0,0,0.08234139
0,0,0.10562817
0,0,0.04447461
1,0,0.07861437
0,0,0.063027486
0,0,0.13080642
1,1,0.7822519
1,0,0.0992304
0,0,0.041793324
0,0,0.093816474
1,0,0.10923828
1,0,0.109945975
0,0,0.20274973
1,0,0.18844858
1,1,0.70381814
0,0,0.040609173
0,0,0.05569746
0,0,0.38480914
0,0,0.0775353
0,0,0.040064104
0,1,0.47966522
0,0,0.035070308
0,0,0.16165382
0,0,0.18167724
0,0,0.13335077
0,0,0.04995368
0,0,0.09364862
0,0,0.07834403
0,0,0.29676402
0,0,0.10316894
1,1,0.56752014
0,0,0.058888756
0,0,0.061537325
0,0,0.1399385
0,0,0.05467136
0,0,0.19815752
0,0,0.054131072
0,0,0.09753143
0,0,0.18503365
0,0,0.03479435
1,1,0.74238384
0,0,0.058136445
0,1,0.79789543
0,0,0.05909779
0,0,0.18205887
1,0,0.31703475
0,1,0.58064926
0,0,0.06921121
0,0,0.18191978
0,0,0.15477943
0,0,0.030802304
0,1,0.54726124
0,0,0.075082555
1,0,0.40417594
0,0,0.057075262
0,0,0.11034614
0,0,0.08073324
0,0,0.2911941
0,0,0.24393544
0,0,0.10140858
0,0,0.11995657
0,1,0.68807256
0,1,0.76442283
0,0,0.091772124
0,0,0.17840435
0,0,0.43269792
0,0,0.13723253
0,0,0.06074652
0,0,0.170157
1,0,0.09860854
0,0,0.31189954
1,0,0.0718884
1,1,0.849119
