mask_mode,channel,dataset,label_type,platform,macro_f1,f1,mcc,pr_auc,roc_auc,recall,precision,accuracy,specificity,prevalence,n_samples,delta_macro_f1,majority_macro_f1,train_f1,train_macro_f1,train_mcc,n_features,threshold,source
none,A,dreaddit_test,human,reddit,0.6336363636363636,0.7181818181818181,0.32402173936102013,0.8088417843243852,0.7797202249479143,0.8563685636856369,0.6183953033268101,0.6531468531468532,0.43641618497109824,0.5160839160839161,715,0.29323045957732297,0.3404059040590406,0.0,0.0,0.0,500,0.21000000000000002,artifact
none,A,twitter,auto,twitter,0.5223282022821525,0.43682664054848186,0.06506046617042706,0.5098519210466721,0.5490191932462162,0.37478991596638656,0.5234741784037559,0.5376326793181088,0.687018193031144,0.47844966227082664,6218,0.1795525971664142,0.3427756051157383,0.0,0.0,0.0,500,0.21000000000000002,artifact
none,A,twitter_gold,human,twitter,0.6608099927539999,0.5910290237467019,0.34159124889438724,0.5397851256200422,0.7265983776357967,0.6942148760330579,0.5145482388973966,0.6751659098847362,0.6654353562005277,0.33810688089416696,2863,0.26253340595282293,0.39827658680117695,0.0,0.0,0.0,500,0.21000000000000002,artifact
none,A,reddit_combi,auto,reddit,0.6114023835411315,0.9097853765005457,0.22312227566777706,0.9505328234735861,0.7418686673233887,0.9141081871345029,0.9055032585083272,0.8405144694533762,0.30213903743315507,0.8797427652733119,3110,0.14339006742754956,0.46801231611358196,0.0,0.0,0.0,500,0.21000000000000002,artifact
none,B,dreaddit_test,human,reddit,0.561367633225635,0.6938775510204082,0.22492575976978627,0.6666186263369877,0.6691260554224041,0.8753387533875339,0.5747330960854092,0.6013986013986014,0.3092485549132948,0.5160839160839161,715,0.2209617291665944,0.3404059040590406,0.0,0.0,0.0,6,0.3300000000000001,artifact
none,B,twitter,auto,twitter,0.46299250086089694,0.25537493445201886,0.08064510458862886,0.5288150321290207,0.5505570887004201,0.16369747899159665,0.5804529201430274,0.5432614988742361,0.8914585260561209,0.47844966227082664,6218,0.12021689574515865,0.3427756051157383,0.0,0.0,0.0,6,0.3300000000000001,artifact
none,B,twitter_gold,human,twitter,0.5857250854028,0.3790940766550523,0.22802287334375165,0.5083465653805493,0.6739385943871432,0.2809917355371901,0.582441113490364,0.6887879846315054,0.8970976253298153,0.33810688089416696,2863,0.18744849860162305,0.39827658680117695,0.0,0.0,0.0,6,0.3300000000000001,artifact
none,B,reddit_combi,auto,reddit,0.5791810359014493,0.9212486697410429,0.1740626250448037,0.9349066124027409,0.7004937142321044,0.9491959064327485,0.8949000689179876,0.8572347266881029,0.18449197860962566,0.8797427652733119,3110,0.11116871978786735,0.46801231611358196,0.0,0.0,0.0,6,0.3300000000000001,artifact
none,C,dreaddit_test,human,reddit,0.7391556573588427,0.7749077490774908,0.4952941471605618,0.8230467655142862,0.8209110703823801,0.8536585365853658,0.7094594594594594,0.7440559440559441,0.6271676300578035,0.5160839160839161,715,0.3987497532998021,0.3404059040590406,0.0,0.0,0.0,154,0.3900000000000002,artifact
none,C,twitter,auto,twitter,0.5039185495535752,0.3044647660032275,0.20894113169915685,0.6557834961582759,0.6752249836104656,0.19025210084033614,0.7617765814266487,0.5841106465101319,0.9454209065679926,0.47844966227082664,6218,0.1611429444378369,0.3427756051157383,0.0,0.0,0.0,154,0.3900000000000002,artifact
none,C,twitter_gold,human,twitter,0.7006090115812895,0.5728214503351615,0.42216181666967234,0.6368953507401947,0.7734343313199153,0.4855371900826446,0.6983655274888558,0.7551519385260217,0.8928759894459103,0.33810688089416696,2863,0.3023324247801126,0.39827658680117695,0.0,0.0,0.0,154,0.3900000000000002,artifact
none,C,reddit_combi,auto,reddit,0.6813646083413796,0.90994195843475,0.3706339980081662,0.963936094409822,0.8233437314319667,0.8881578947368421,0.9328214971209213,0.8453376205787781,0.5320855614973262,0.8797427652733119,3110,0.2133522922277976,0.46801231611358196,0.0,0.0,0.0,154,0.3900000000000002,artifact
none,AB,dreaddit_test,human,reddit,0.6318932674345057,0.7286821705426356,0.3437772537009162,0.7713422477137963,0.7683318451681626,0.8915989159891599,0.6161048689138576,0.6573426573426573,0.407514450867052,0.5160839160839161,715,0.2914873633754651,0.3404059040590406,0.0,0.0,0.0,506,0.34000000000000014,artifact
none,AB,twitter,auto,twitter,0.46003354776089644,0.24580111970141297,0.08740327698190647,0.5316230311668304,0.553224242518469,0.1549579831932773,0.5940721649484536,0.545030556449019,0.902867715078631,0.47844966227082664,6218,0.11725794264515815,0.3427756051157383,0.0,0.0,0.0,506,0.34000000000000014,artifact
none,AB,twitter_gold,human,twitter,0.6498116346200891,0.4848084544253633,0.34279100850988403,0.603434192827745,0.7511131947927342,0.37913223140495866,0.6721611721611722,0.7275585050646175,0.9055408970976253,0.33810688089416696,2863,0.2515350478189121,0.39827658680117695,0.0,0.0,0.0,506,0.34000000000000014,artifact
none,AB,reddit_combi,auto,reddit,0.5889147059947787,0.9192369406311286,0.1881514795215612,0.9421940604999901,0.7259509764830971,0.9422514619883041,0.8973198746954403,0.8543408360128617,0.21122994652406418,0.8797427652733119,3110,0.12090238988119673,0.46801231611358196,0.0,0.0,0.0,506,0.34000000000000014,artifact
none,AC,dreaddit_test,human,reddit,0.6785863208746504,0.7415204678362574,0.39697833455476195,0.8192065957705048,0.8028572771276845,0.8590785907859079,0.6522633744855967,0.6909090909090909,0.5115606936416185,0.5160839160839161,715,0.33818041681560984,0.3404059040590406,0.0,0.0,0.0,654,0.22000000000000003,artifact
none,AC,twitter,auto,twitter,0.5673177326984131,0.5190950226244344,0.14004516457471342,0.5655537330324374,0.5966890289880984,0.4820168067226891,0.5623529411764706,0.5726921839819877,0.6558741905642923,0.47844966227082664,6218,0.22454212758267483,0.3427756051157383,0.0,0.0,0.0,654,0.22000000000000003,artifact
none,AC,twitter_gold,human,twitter,0.6171205213995632,0.563894523326572,0.2791701619791439,0.5160369205129938,0.6959468152380122,0.7179752066115702,0.4642618570474282,0.6245197345441844,0.5767810026385224,0.33810688089416696,2863,0.21884393459838625,0.39827658680117695,0.0,0.0,0.0,654,0.22000000000000003,artifact
none,AC,reddit_combi,auto,reddit,0.6582554785132166,0.9115420129270545,0.3180722372358187,0.9493768836451043,0.771429464927917,0.902046783625731,0.9212392683837253,0.8459807073954984,0.4358288770053476,0.8797427652733119,3110,0.19024316239963468,0.46801231611358196,0.0,0.0,0.0,654,0.22000000000000003,artifact
none,BC,dreaddit_test,human,reddit,0.6902212051868802,0.7508771929824561,0.4209710235686589,0.8192204106441442,0.8153265347682379,0.8699186991869918,0.6604938271604939,0.7020979020979021,0.523121387283237,0.5160839160839161,715,0.34981530112783965,0.3404059040590406,0.0,0.0,0.0,160,0.37000000000000016,artifact
none,BC,twitter,auto,twitter,0.4553311050761809,0.21347989586346544,0.16661027730636907,0.6575648869876163,0.6775327337225362,0.12403361344537815,0.7655601659751037,0.5627211321968478,0.9651557200123343,0.47844966227082664,6218,0.11255549996044262,0.3427756051157383,0.0,0.0,0.0,160,0.37000000000000016,artifact
none,BC,twitter_gold,human,twitter,0.6899669469596386,0.5396610169491526,0.43823660496639183,0.7078214919233774,0.8193762402145708,0.41115702479338845,0.7850098619329389,0.7628361858190709,0.9424802110817943,0.33810688089416696,2863,0.2916903601584616,0.39827658680117695,0.0,0.0,0.0,160,0.37000000000000016,artifact
none,BC,reddit_combi,auto,reddit,0.6892625588837322,0.9194680458071666,0.38030373182397037,0.9683455198716088,0.8337731025424524,0.9097222222222222,0.9294249439880508,0.8598070739549839,0.4946524064171123,0.8797427652733119,3110,0.22125024277015026,0.46801231611358196,0.0,0.0,0.0,160,0.37000000000000016,artifact
none,ABC,dreaddit_test,human,reddit,0.6902212051868802,0.7508771929824561,0.4209710235686589,0.8192643881868447,0.8151855506994375,0.8699186991869918,0.6604938271604939,0.7020979020979021,0.523121387283237,0.5160839160839161,715,0.34981530112783965,0.3404059040590406,0.0,0.0,0.0,660,0.37000000000000016,artifact
none,ABC,twitter,auto,twitter,0.4553311050761809,0.21347989586346544,0.16661027730636907,0.6577408454864004,0.6776882075679485,0.12403361344537815,0.7655601659751037,0.5627211321968478,0.9651557200123343,0.47844966227082664,6218,0.11255549996044262,0.3427756051157383,0.0,0.0,0.0,660,0.37000000000000016,artifact
none,ABC,twitter_gold,human,twitter,0.6893727718203645,0.5386702849389416,0.4372951796460015,0.7077226218812976,0.8195348786497744,0.41012396694214875,0.7845849802371542,0.762486901851205,0.9424802110817943,0.33810688089416696,2863,0.29109618501918755,0.39827658680117695,0.0,0.0,0.0,660,0.37000000000000016,artifact
none,ABC,reddit_combi,auto,reddit,0.6892625588837322,0.9194680458071666,0.38030373182397037,0.9683280870568313,0.8337770116020891,0.9097222222222222,0.9294249439880508,0.8598070739549839,0.4946524064171123,0.8797427652733119,3110,0.22125024277015026,0.46801231611358196,0.0,0.0,0.0,660,0.37000000000000016,artifact
pos_only,A,dreaddit_test,human,reddit,0.6181764240506329,0.6582278481012658,0.24302977488146726,0.6526603204229993,0.6706612152826731,0.7046070460704607,0.6175771971496437,0.6223776223776224,0.5346820809248555,0.5160839160839161,715,0.2777705199915923,0.3404059040590406,0.6893617021276596,0.6606948099626277,0.3228468762763569,113,0.5,
pos_only,A,twitter,auto,twitter,0.3795652956167406,0.07463630613535736,0.053779745229053495,0.5262959103802157,0.5397144463705926,0.03966386554621849,0.6310160427807486,0.5294306851077517,0.9787234042553191,0.47844966227082664,6218,0.03678969050100228,0.3427756051157383,0.6893617021276596,0.6606948099626277,0.3228468762763569,113,0.5,
pos_only,A,twitter_gold,human,twitter,0.4839026509041643,0.16771866546438233,0.1546613329047174,0.5159274233374025,0.6797815041758434,0.09607438016528926,0.6595744680851063,0.6776108976597974,0.97467018469657,0.33810688089416696,2863,0.08562606410298734,0.39827658680117695,0.6893617021276596,0.6606948099626277,0.3228468762763569,113,0.5,
pos_only,A,reddit_combi,auto,reddit,0.5696776759212188,0.840047393364929,0.1799171030794955,0.9221951937143439,0.6571974583294242,0.7774122807017544,0.913659793814433,0.7395498392282959,0.4625668449197861,0.8797427652733119,3110,0.1016653598076368,0.46801231611358196,0.6893617021276596,0.6606948099626277,0.3228468762763569,113,0.5,
pos_only,B,dreaddit_test,human,reddit,0.6259877102492889,0.6615581098339719,0.25701884262189834,0.6558911387259857,0.6616930620173255,0.7018970189701897,0.6256038647342995,0.6293706293706294,0.5520231213872833,0.5160839160839161,715,0.2855818061902483,0.3404059040590406,0.7121918720852765,0.6919621974408146,0.38420536956788515,6,0.5,
pos_only,B,twitter,auto,twitter,0.42642907539870567,0.17515741270749857,0.06714455915003023,0.5286544042425503,0.5526395053858731,0.10285714285714286,0.5895953757225434,0.5365069154068832,0.9343200740055504,0.47844966227082664,6218,0.08365347028296738,0.3427756051157383,0.7121918720852765,0.6919621974408146,0.38420536956788515,6,0.5,
pos_only,B,twitter_gold,human,twitter,0.5452105825461089,0.29375,0.19550441121622353,0.503743829070662,0.6739554940142611,0.19421487603305784,0.6025641025641025,0.684247293049249,0.9345646437994723,0.33810688089416696,2863,0.14693399574493193,0.39827658680117695,0.7121918720852765,0.6919621974408146,0.38420536956788515,6,0.5,
pos_only,B,reddit_combi,auto,reddit,0.5876152716528521,0.8602400309717383,0.2014421659425948,0.9241528258237872,0.6737088376020264,0.8121345029239766,0.91440329218107,0.7678456591639872,0.44385026737967914,0.8797427652733119,3110,0.11960295553927014,0.46801231611358196,0.7121918720852765,0.6919621974408146,0.38420536956788515,6,0.5,
pos_only,C,dreaddit_test,human,reddit,0.7336274509803922,0.7466666666666667,0.46766993741203056,0.7970775537363869,0.8046274104359541,0.7588075880758808,0.7349081364829396,0.7342657342657343,0.708092485549133,0.5160839160839161,715,0.3932215469213516,0.3404059040590406,0.7439646378782727,0.7321754121437409,0.4644324658007806,154,0.5,
pos_only,C,twitter,auto,twitter,0.47917961283322996,0.24992818155702384,0.22714683706926395,0.7262658454419411,0.7418111666498237,0.146218487394958,0.8596837944664032,0.5800900611128981,0.9781066913351835,0.47844966227082664,6218,0.13640400771749167,0.3427756051157383,0.7439646378782727,0.7321754121437409,0.4644324658007806,154,0.5,
pos_only,C,twitter_gold,human,twitter,0.666471660021839,0.506056527590848,0.3852455152341075,0.6527892478735591,0.796406103491136,0.3884297520661157,0.7258687258687259,0.7436255675864478,0.925065963060686,0.33810688089416696,2863,0.26819507322066205,0.39827658680117695,0.7439646378782727,0.7321754121437409,0.4644324658007806,154,0.5,
pos_only,C,reddit_combi,auto,reddit,0.6522409741699876,0.8593309149536478,0.38067920731283955,0.966164812150455,0.8317066758920475,0.7792397660818714,0.9577717879604672,0.7755627009646302,0.7486631016042781,0.8797427652733119,3110,0.18422865805640565,0.46801231611358196,0.7439646378782727,0.7321754121437409,0.4644324658007806,154,0.5,
pos_only,AB,dreaddit_test,human,reddit,0.6283134920634921,0.6725,0.26634406594017435,0.670316907349717,0.6761282641728152,0.7289972899728997,0.6241299303944315,0.6335664335664336,0.5317919075144508,0.5160839160839161,715,0.2879075880044515,0.3404059040590406,0.7296674349687191,0.7067667170993,0.41454590663688795,119,0.5,
pos_only,AB,twitter,auto,twitter,0.41148530207474204,0.14268798105387803,0.06301099117444023,0.5289050271152056,0.5485958379651583,0.08100840336134454,0.598014888337469,0.5342553875844323,0.9500462534690102,0.47844966227082664,6218,0.06870969695900375,0.3427756051157383,0.7296674349687191,0.7067667170993,0.41454590663688795,119,0.5,
pos_only,AB,twitter_gold,human,twitter,0.5268762254333841,0.25552825552825553,0.18328831182262462,0.4985781432817571,0.6734174316927974,0.16115702479338842,0.616600790513834,0.6825008732099197,0.9488126649076517,0.33810688089416696,2863,0.12859963863220714,0.39827658680117695,0.7296674349687191,0.7067667170993,0.41454590663688795,119,0.5,
pos_only,AB,reddit_combi,auto,reddit,0.578939593061465,0.863121520445383,0.1773373388669526,0.9277093254777325,0.6765365536166621,0.8216374269005848,0.9090173877881116,0.7707395498392283,0.3983957219251337,0.8797427652733119,3110,0.11092727694788307,0.46801231611358196,0.7296674349687191,0.7067667170993,0.41454590663688795,119,0.5,
pos_only,AC,dreaddit_test,human,reddit,0.7433309597650756,0.7569721115537849,0.4873195908679115,0.8174517643822314,0.8158513088021054,0.7723577235772358,0.7421875,0.7440559440559441,0.7138728323699421,0.5160839160839161,715,0.402925055706035,0.3404059040590406,0.7702748557855447,0.7591605019530626,0.5183642098102992,267,0.5,
pos_only,AC,twitter,auto,twitter,0.42566662254393955,0.15143120960295475,0.18024250705436684,0.6890263199377215,0.7006879199413345,0.0826890756302521,0.8978102189781022,0.5566098423930524,0.9913660191181005,0.47844966227082664,6218,0.08289101742820126,0.3427756051157383,0.7702748557855447,0.7591605019530626,0.5183642098102992,267,0.5,
pos_only,AC,twitter_gold,human,twitter,0.6078933910582434,0.39191290824261277,0.3394965687982956,0.6694373009382275,0.7907387317647572,0.2603305785123967,0.7924528301886793,0.7268599371288857,0.9651715039577836,0.33810688089416696,2863,0.2096168042570664,0.39827658680117695,0.7702748557855447,0.7591605019530626,0.5183642098102992,267,0.5,
pos_only,AC,reddit_combi,auto,reddit,0.6792971845859581,0.8822371012209531,0.41181431624597786,0.9714735913871155,0.848736005566501,0.8187134502923976,0.9564474807856533,0.8077170418006431,0.7272727272727273,0.8797427652733119,3110,0.21128486847237615,0.46801231611358196,0.7702748557855447,0.7591605019530626,0.5183642098102992,267,0.5,
pos_only,BC,dreaddit_test,human,reddit,0.7275923016496465,0.7447368421052631,0.4565725459508174,0.8078620508024603,0.7988392311668782,0.7669376693766937,0.7237851662404092,0.7286713286713287,0.6878612716763006,0.5160839160839161,715,0.3871863975906059,0.3404059040590406,0.7615803814713896,0.7510644679780967,0.5022572906937952,160,0.5,
pos_only,BC,twitter,auto,twitter,0.4218152743412489,0.14667075790119669,0.15901751703714384,0.6786922894546374,0.7002310341342828,0.08033613445378152,0.8415492957746479,0.5527500804117079,0.9861239592969473,0.47844966227082664,6218,0.07903966922551059,0.3427756051157383,0.7615803814713896,0.7510644679780967,0.5022572906937952,160,0.5,
pos_only,BC,twitter_gold,human,twitter,0.5938032927017391,0.3675078864353312,0.3171715266026014,0.6732638589825586,0.8033973701999608,0.24070247933884298,0.7766666666666666,0.7198742577715683,0.9646437994722955,0.33810688089416696,2863,0.1955267059005622,0.39827658680117695,0.7615803814713896,0.7510644679780967,0.5022572906937952,160,0.5,
pos_only,BC,reddit_combi,auto,reddit,0.6534757849826343,0.876320939334638,0.35002322970494704,0.9703228724061461,0.8297531233386497,0.8183479532163743,0.943133951137321,0.7967845659163987,0.6390374331550802,0.8797427652733119,3110,0.1854634688690523,0.46801231611358196,0.7615803814713896,0.7510644679780967,0.5022572906937952,160,0.5,
pos_only,ABC,dreaddit_test,human,reddit,0.7245806015439523,0.743455497382199,0.45109472378572474,0.8075716653854764,0.7950483262058055,0.7696476964769647,0.7189873417721518,0.7258741258741259,0.6791907514450867,0.5160839160839161,715,0.38417469748491173,0.3404059040590406,0.7597269624573378,0.7496859664357696,0.4995659577387782,273,0.5,
pos_only,ABC,twitter,auto,twitter,0.4240867429923523,0.15187557182067704,0.15460084848734945,0.673831670281376,0.6942572107473887,0.08369747899159664,0.819078947368421,0.5527500804117079,0.9830403946962689,0.47844966227082664,6218,0.08131113787661398,0.3427756051157383,0.7597269624573378,0.7496859664357696,0.4995659577387782,273,0.5,
pos_only,ABC,twitter_gold,human,twitter,0.5927903333319181,0.3659305993690852,0.3147608212522547,0.659432738622103,0.7953994853790968,0.2396694214876033,0.7733333333333333,0.7191756898358366,0.9641160949868074,0.33810688089416696,2863,0.19451374653074116,0.39827658680117695,0.7597269624573378,0.7496859664357696,0.4995659577387782,273,0.5,
pos_only,ABC,reddit_combi,auto,reddit,0.6558048348590492,0.874828060522696,0.35928207366557596,0.9711835440759246,0.8326316571285612,0.8135964912280702,0.9460263493412665,0.795176848874598,0.660427807486631,0.8797427652733119,3110,0.1877925187454672,0.46801231611358196,0.7597269624573378,0.7496859664357696,0.4995659577387782,273,0.5,
content_only,A,dreaddit_test,human,reddit,0.6938923802042419,0.7131578947368421,0.38910806683639565,0.7763757426953346,0.7625436658990867,0.7344173441734417,0.6930946291560103,0.6951048951048951,0.653179190751445,0.5160839160839161,715,0.35348647614520134,0.3404059040590406,0.8150406504065041,0.8057306160309925,0.6114816216414533,500,0.5,
content_only,A,twitter,auto,twitter,0.4913972525245702,0.3168462291870715,0.09789274215434181,0.5494101993440812,0.5720802659639248,0.21747899159663867,0.5834084761045988,0.5513026696687038,0.8575393154486587,0.47844966227082664,6218,0.14862164740883194,0.3427756051157383,0.8150406504065041,0.8057306160309925,0.6114816216414533,500,0.5,
content_only,A,twitter_gold,human,twitter,0.5806513995141241,0.39726877715704534,0.18152352520569037,0.46549974413155887,0.6676903661222443,0.3305785123966942,0.4976671850699845,0.6608452672022355,0.8295514511873351,0.33810688089416696,2863,0.1823748127129472,0.39827658680117695,0.8150406504065041,0.8057306160309925,0.6114816216414533,500,0.5,
content_only,A,reddit_combi,auto,reddit,0.6077039739685277,0.8560740303209293,0.25861170940845024,0.953392070902068,0.7546977124183006,0.7945906432748538,0.9278702518139138,0.764951768488746,0.5481283422459893,0.8797427652733119,3110,0.13969165785494575,0.46801231611358196,0.8150406504065041,0.8057306160309925,0.6114816216414533,500,0.5,
content_only,B,dreaddit_test,human,reddit,0.5814082278481012,0.6253164556962025,0.16908909347911585,0.6352492885992207,0.6317966069834109,0.6693766937669376,0.5866983372921615,0.586013986013986,0.49710982658959535,0.5160839160839161,715,0.2410023237890606,0.3404059040590406,0.6884816753926701,0.6596015824597176,0.3206896084674572,6,0.5,
content_only,B,twitter,auto,twitter,0.42851382258414544,0.17696064349324905,0.07760313715106709,0.5293232942025687,0.5489281892220348,0.10352941176470588,0.6086956521739131,0.5392409134770022,0.938945420906568,0.47844966227082664,6218,0.08573821746840715,0.3427756051157383,0.6884816753926701,0.6596015824597176,0.3206896084674572,6,0.5,
content_only,B,twitter_gold,human,twitter,0.539074689785474,0.28164556962025317,0.18896059198643053,0.5049207953649877,0.6680556161276958,0.18388429752066116,0.6013513513513513,0.6828501571777855,0.937730870712401,0.33810688089416696,2863,0.14079810298429707,0.39827658680117695,0.6884816753926701,0.6596015824597176,0.3206896084674572,6,0.5,
content_only,B,reddit_combi,auto,reddit,0.6188800920558821,0.8837032821096567,0.2517268221755283,0.9390217477190332,0.7184216389905245,0.8512426900584795,0.9187376725838264,0.8028938906752412,0.44919786096256686,0.8797427652733119,3110,0.15086777594230016,0.46801231611358196,0.6884816753926701,0.6596015824597176,0.3206896084674572,6,0.5,
content_only,C,dreaddit_test,human,reddit,0.7236950769055732,0.7383798140770252,0.44803038594686095,0.8147464956020682,0.8120134091514326,0.7533875338753387,0.7239583333333334,0.7244755244755244,0.6936416184971098,0.5160839160839161,715,0.38328917284653263,0.3404059040590406,0.7901907356948229,0.780936731820725,0.562006935600035,154,0.5,
content_only,C,twitter,auto,twitter,0.47882684427523736,0.2509288368105173,0.21821877896742523,0.6916795077761623,0.7062348639733415,0.14756302521008402,0.8377862595419847,0.5784818269540045,0.9737897008942338,0.47844966227082664,6218,0.13605123915949907,0.3427756051157383,0.7901907356948229,0.780936731820725,0.562006935600035,154,0.5,
content_only,C,twitter_gold,human,twitter,0.651932503286382,0.48561872909698994,0.35211200723355224,0.5977289207260278,0.7639699949846268,0.375,0.6888045540796964,0.7314006287111422,0.9134564643799472,0.33810688089416696,2863,0.253655916485205,0.39827658680117695,0.7901907356948229,0.780936731820725,0.562006935600035,154,0.5,
content_only,C,reddit_combi,auto,reddit,0.6641395671415818,0.8792630341042729,0.3743020271177976,0.9686423769118212,0.8323375003909059,0.8198099415204678,0.9480135249366018,0.8019292604501608,0.6711229946524064,0.8797427652733119,3110,0.19612725102799988,0.46801231611358196,0.7901907356948229,0.780936731820725,0.562006935600035,154,0.5,
content_only,AB,dreaddit_test,human,reddit,0.6697134994348617,0.6928104575163399,0.34135396601249934,0.767745937474241,0.7456569074361263,0.7181571815718157,0.6691919191919192,0.6713286713286714,0.6213872832369942,0.5160839160839161,715,0.3293075953758211,0.3404059040590406,0.7485656429294634,0.7348219453883558,0.46964407679412007,506,0.5,
content_only,AB,twitter,auto,twitter,0.4183987015917425,0.15827756764620307,0.06255325148248392,0.5359576139972282,0.5524850162081485,0.09142857142857143,0.5887445887445888,0.5347378578321004,0.9414122725871107,0.47844966227082664,6218,0.07562309647600418,0.3427756051157383,0.7485656429294634,0.7348219453883558,0.46964407679412007,506,0.5,
content_only,AB,twitter_gold,human,twitter,0.5718471223097349,0.33541341653666146,0.25715540978587953,0.5758666234677372,0.725445932096208,0.22210743801652894,0.6847133757961783,0.7024100593782745,0.9477572559366755,0.33810688089416696,2863,0.17357053550855794,0.39827658680117695,0.7485656429294634,0.7348219453883558,0.46964407679412007,506,0.5,
content_only,AB,reddit_combi,auto,reddit,0.6511606169185231,0.8900763358778626,0.32227040698475534,0.9564732987651428,0.7804945742252243,0.8523391812865497,0.9313099041533547,0.8147909967845659,0.5401069518716578,0.8797427652733119,3110,0.18314830080494116,0.46801231611358196,0.7485656429294634,0.7348219453883558,0.46964407679412007,506,0.5,
content_only,AC,dreaddit_test,human,reddit,0.7178124797511825,0.7351778656126482,0.4368720443542999,0.7960531335075088,0.7900590566599307,0.7560975609756098,0.7153846153846154,0.7188811188811188,0.6791907514450867,0.5160839160839161,715,0.37740657569214187,0.3404059040590406,0.8586993530813756,0.8524123387579663,0.7049594066820883,654,0.5,
content_only,AC,twitter,auto,twitter,0.5650792089540526,0.41399704287826516,0.2732045937743148,0.6776519123046796,0.6847609200942172,0.2823529411764706,0.775623268698061,0.6175619170151174,0.9250693802035153,0.47844966227082664,6218,0.22230360383831432,0.3427756051157383,0.8586993530813756,0.8524123387579663,0.7049594066820883,654,0.5,
content_only,AC,twitter_gold,human,twitter,0.6369160179282451,0.49335644136337375,0.28226477037304754,0.5418344943679759,0.7268619573039098,0.44111570247933884,0.5596330275229358,0.6936779601816276,0.8226912928759894,0.33810688089416696,2863,0.2386394311270682,0.39827658680117695,0.8586993530813756,0.8524123387579663,0.7049594066820883,654,0.5,
content_only,AC,reddit_combi,auto,reddit,0.6301591412398323,0.8563447725458898,0.320679114185357,0.9591966195028967,0.801119750132908,0.7843567251461988,0.9428822495606327,0.7684887459807074,0.6524064171122995,0.8797427652733119,3110,0.16214682512625034,0.46801231611358196,0.8586993530813756,0.8524123387579663,0.7049594066820883,654,0.5,
content_only,BC,dreaddit_test,human,reddit,0.7235215256908772,0.7397622192866579,0.4480713434222342,0.8188529259121957,0.8134624120807682,0.7588075880758808,0.7216494845360825,0.7244755244755244,0.6878612716763006,0.5160839160839161,715,0.38311562163183666,0.3404059040590406,0.7661590524534687,0.7541134941252039,0.508236338836272,160,0.5,
content_only,BC,twitter,auto,twitter,0.44686168056550796,0.19021902190219023,0.20139457140418507,0.7044981091458672,0.7048129001832,0.1065546218487395,0.8854748603351955,0.5659376005146349,0.9873573851372186,0.47844966227082664,6218,0.10408607544976967,0.3427756051157383,0.7661590524534687,0.7541134941252039,0.508236338836272,160,0.5,
content_only,BC,twitter_gold,human,twitter,0.6254917350164643,0.4246987951807229,0.3569281879437702,0.677035334636094,0.8034017313940557,0.29132231404958675,0.7833333333333333,0.7331470485504715,0.9588390501319262,0.33810688089416696,2863,0.22721514821528732,0.39827658680117695,0.7661590524534687,0.7541134941252039,0.508236338836272,160,0.5,
content_only,BC,reddit_combi,auto,reddit,0.6813025086908087,0.8843056373993321,0.41318984734122854,0.9760726794783705,0.853697579510273,0.8227339181286549,0.9558386411889597,0.8106109324758842,0.7219251336898396,0.8797427652733119,3110,0.2132901925772267,0.46801231611358196,0.7661590524534687,0.7541134941252039,0.508236338836272,160,0.5,
content_only,ABC,dreaddit_test,human,reddit,0.7235215256908772,0.7397622192866579,0.4480713434222342,0.8191047559840982,0.8136347259426352,0.7588075880758808,0.7216494845360825,0.7244755244755244,0.6878612716763006,0.5160839160839161,715,0.38311562163183666,0.3404059040590406,0.7669376693766937,0.7552063440097487,0.5104317954003211,660,0.5,
content_only,ABC,twitter,auto,twitter,0.4477913932590192,0.19184652278177458,0.20276143371536104,0.7049062508592254,0.704776312004913,0.10756302521008404,0.8864265927977839,0.5664200707623029,0.9873573851372186,0.47844966227082664,6218,0.10501578814328089,0.3427756051157383,0.7669376693766937,0.7552063440097487,0.5104317954003211,660,0.5,
content_only,ABC,twitter_gold,human,twitter,0.6254917350164643,0.4246987951807229,0.3569281879437702,0.677074436586093,0.8038874593863801,0.29132231404958675,0.7833333333333333,0.7331470485504715,0.9588390501319262,0.33810688089416696,2863,0.22721514821528732,0.39827658680117695,0.7669376693766937,0.7552063440097487,0.5104317954003211,660,0.5,
content_only,ABC,reddit_combi,auto,reddit,0.6820626945077107,0.8844793713163065,0.415031666364884,0.9760995409686686,0.8538920552271945,0.8227339181286549,0.9562446898895497,0.8109324758842443,0.7245989304812834,0.8797427652733119,3110,0.21405037839412877,0.46801231611358196,0.7669376693766937,0.7552063440097487,0.5104317954003211,660,0.5,
function_only,A,dreaddit_test,human,reddit,0.6935457233634277,0.7154046997389034,0.3892389845820676,0.7390096882444523,0.7510769616366684,0.7425474254742548,0.690176322418136,0.6951048951048951,0.6445086705202312,0.5160839160839161,715,0.3531398193043871,0.3404059040590406,0.7539089055064582,0.7424819416090983,0.48503898314085225,500,0.5,
function_only,A,twitter,auto,twitter,0.4109927721641315,0.17711389703921046,-0.03737060747769251,0.45688939311490684,0.4823192551766312,0.11159663865546218,0.4289405684754522,0.5038597619813445,0.8637064446500154,0.47844966227082664,6218,0.0682171670483932,0.3427756051157383,0.7539089055064582,0.7424819416090983,0.48503898314085225,500,0.5,
function_only,A,twitter_gold,human,twitter,0.6005870054464958,0.411413404114134,0.24130307188686448,0.4983774588414671,0.678767526548769,0.3202479338842975,0.575139146567718,0.6901851205029689,0.879155672823219,0.33810688089416696,2863,0.20231041864531885,0.39827658680117695,0.7539089055064582,0.7424819416090983,0.48503898314085225,500,0.5,
function_only,A,reddit_combi,auto,reddit,0.5598258029395754,0.8287425149700599,0.16827262565136922,0.9358735772306366,0.6823068142727586,0.7587719298245614,0.9129287598944591,0.7241157556270097,0.47058823529411764,0.8797427652733119,3110,0.09181348682599344,0.46801231611358196,0.7539089055064582,0.7424819416090983,0.48503898314085225,500,0.5,
function_only,B,dreaddit_test,human,reddit,0.5729232594936708,0.6177215189873417,0.15202585930934243,0.6278561284310656,0.6158810721055187,0.6612466124661247,0.5795724465558195,0.5776223776223777,0.4884393063583815,0.5160839160839161,715,0.23251735543463026,0.3404059040590406,0.6570962479608483,0.6239938226958777,0.24967665749806875,6,0.5,
function_only,B,twitter,auto,twitter,0.42637106936929703,0.18171620863712842,0.04526689647301043,0.4891498147758025,0.49385536268161284,0.10890756302521008,0.5482233502538071,0.5307172724348665,0.9176688251618872,0.47844966227082664,6218,0.08359546425355874,0.3427756051157383,0.6570962479608483,0.6239938226958777,0.24967665749806875,6,0.5,
function_only,B,twitter_gold,human,twitter,0.505647138464593,0.2317932654659358,0.1035685496287215,0.4092166443387055,0.5826609825770296,0.15289256198347106,0.47896440129449835,0.6573524275235767,0.9150395778364117,0.33810688089416696,2863,0.10737055166341603,0.39827658680117695,0.6570962479608483,0.6239938226958777,0.24967665749806875,6,0.5,
function_only,B,reddit_combi,auto,reddit,0.5039751343606312,0.7873951299365664,0.06780012742034967,0.8940107153158341,0.5560661764705882,0.7032163742690059,0.8944676894467689,0.6659163987138264,0.393048128342246,0.8797427652733119,3110,0.03596281824704928,0.46801231611358196,0.6570962479608483,0.6239938226958777,0.24967665749806875,6,0.5,
function_only,C,dreaddit_test,human,reddit,0.7363569321533923,0.75,0.47328120382873695,0.8119684209245067,0.8204724532794462,0.7642276422764228,0.7362924281984334,0.737062937062937,0.708092485549133,0.5160839160839161,715,0.3959510280943517,0.3404059040590406,0.7698036560595802,0.7580361563879991,0.516084588823093,154,0.5,
function_only,C,twitter,auto,twitter,0.41244715193959786,0.12830893802553722,0.15683332858403626,0.6581235488488619,0.6604576113516637,0.0692436974789916,0.8728813559322034,0.5498552589256995,0.9907493061979649,0.47844966227082664,6218,0.06967154682385956,0.3427756051157383,0.7698036560595802,0.7580361563879991,0.516084588823093,154,0.5,
function_only,C,twitter_gold,human,twitter,0.6027532421965334,0.38102766798418974,0.34041055769686607,0.652187752943001,0.7483111275867333,0.24896694214876033,0.8114478114478114,0.7265106531610199,0.970448548812665,0.33810688089416696,2863,0.20447665539535642,0.39827658680117695,0.7698036560595802,0.7580361563879991,0.516084588823093,154,0.5,
function_only,C,reddit_combi,auto,reddit,0.6540469415349841,0.8615075376884422,0.3814332704955863,0.9664367058139129,0.8197874644275573,0.7832602339181286,0.9571237159446181,0.7784565916398714,0.7433155080213903,0.8797427652733119,3110,0.18603462542140214,0.46801231611358196,0.7698036560595802,0.7580361563879991,0.516084588823093,154,0.5,
function_only,AB,dreaddit_test,human,reddit,0.6805579337478277,0.7055771725032426,0.3640491212346934,0.7429535860354366,0.7478969876403966,0.7371273712737128,0.6766169154228856,0.6825174825174826,0.6242774566473989,0.5160839160839161,715,0.3401520296887871,0.3404059040590406,0.7456839309428951,0.7267702644798382,0.45400218838360656,506,0.5,
function_only,AB,twitter,auto,twitter,0.39109062557504476,0.11699327288680901,-0.015542921719211417,0.4673712000130109,0.48687132207184447,0.06722689075630252,0.45045045045045046,0.5144741074300418,0.9247610237434474,0.47844966227082664,6218,0.04831502045930647,0.3427756051157383,0.7456839309428951,0.7267702644798382,0.45400218838360656,506,0.5,
function_only,AB,twitter_gold,human,twitter,0.5985935777373043,0.3860430586488493,0.28726880839234886,0.563326990339001,0.7093269587212978,0.26859504132231404,0.6860158311345647,0.7111421585749214,0.9372031662269129,0.33810688089416696,2863,0.20031699093612731,0.39827658680117695,0.7456839309428951,0.7267702644798382,0.45400218838360656,506,0.5,
function_only,AB,reddit_combi,auto,reddit,0.5667320504437978,0.8390918065153011,0.17342896995722376,0.9403047475033459,0.6894169051193044,0.7766812865497076,0.9124087591240876,0.7379421221864951,0.45454545454545453,0.8797427652733119,3110,0.09871973433021586,0.46801231611358196,0.7456839309428951,0.7267702644798382,0.45400218838360656,506,0.5,
function_only,AC,dreaddit_test,human,reddit,0.7220717112702602,0.7387862796833773,0.44528090536933956,0.8168670106474106,0.8112144994282313,0.7588075880758808,0.7197943444730077,0.7230769230769231,0.684971098265896,0.5160839160839161,715,0.38166580721121957,0.3404059040590406,0.7974254742547425,0.7872287699387062,0.5744774599193485,654,0.5,
function_only,AC,twitter,auto,twitter,0.4076607546601015,0.12492307692307693,0.11184664478991102,0.5971094997678891,0.6194565670856687,0.06823529411764706,0.7381818181818182,0.5426182052106787,0.9777983348751156,0.47844966227082664,6218,0.0648851495443632,0.3427756051157383,0.7974254742547425,0.7872287699387062,0.5744774599193485,654,0.5,
function_only,AC,twitter_gold,human,twitter,0.5901125272296949,0.36104513064133015,0.3114989591863435,0.596098752763929,0.7098830109684031,0.23553719008264462,0.7728813559322034,0.7181278379322389,0.9646437994722955,0.33810688089416696,2863,0.19183594042851793,0.39827658680117695,0.7974254742547425,0.7872287699387062,0.5744774599193485,654,0.5,
function_only,AC,reddit_combi,auto,reddit,0.6226307167498603,0.839223697650664,0.33178656710995874,0.9602719724227649,0.7921846170685181,0.7507309941520468,0.951366373320982,0.7469453376205788,0.7192513368983957,0.8797427652733119,3110,0.1546184006362783,0.46801231611358196,0.7974254742547425,0.7872287699387062,0.5744774599193485,654,0.5,
function_only,BC,dreaddit_test,human,reddit,0.7271722369083585,0.7473958333333334,0.45693249532892605,0.7960167192583347,0.8031470777135516,0.7777777777777778,0.7192982456140351,0.7286713286713287,0.6763005780346821,0.5160839160839161,715,0.38676633284931794,0.3404059040590406,0.7433808553971487,0.7310654276985744,0.46217818739636185,160,0.5,
function_only,BC,twitter,auto,twitter,0.4071089058057058,0.12248685431487782,0.12036676815645365,0.6268670456552485,0.6667552349339366,0.06655462184873949,0.7674418604651163,0.5437439691219041,0.9814986123959297,0.47844966227082664,6218,0.06433330068996751,0.3427756051157383,0.7433808553971487,0.7310654276985744,0.46217818739636185,160,0.5,
function_only,BC,twitter_gold,human,twitter,0.6646047910719193,0.48700816629547145,0.4354157104263615,0.725869070339028,0.8217430057349702,0.33884297520661155,0.8654353562005277,0.7586447782046805,0.9730870712401055,0.33810688089416696,2863,0.26632820427074233,0.39827658680117695,0.7433808553971487,0.7310654276985744,0.46217818739636185,160,0.5,
function_only,BC,reddit_combi,auto,reddit,0.6389168147583989,0.8641584158415841,0.3313592915405945,0.966811618357604,0.8079332410795259,0.797514619883041,0.9429559204840103,0.7794212218649518,0.6470588235294118,0.8797427652733119,3110,0.17090449864481694,0.46801231611358196,0.7433808553971487,0.7310654276985744,0.46217818739636185,160,0.5,
function_only,ABC,dreaddit_test,human,reddit,0.7384228663141994,0.7578125,0.47947409909338473,0.8027432600812474,0.807556746087692,0.7886178861788617,0.7293233082706767,0.7398601398601399,0.6878612716763006,0.5160839160839161,715,0.3980169622551588,0.3404059040590406,0.7470288624787776,0.7349870976581319,0.4700279135286038,660,0.5,
function_only,ABC,twitter,auto,twitter,0.4093641213627789,0.12696456086286595,0.12134803118503514,0.6258201043740746,0.6651392397847206,0.0692436974789916,0.762962962962963,0.5443872627854616,0.9802651865556583,0.47844966227082664,6218,0.0665885162470406,0.3427756051157383,0.7470288624787776,0.7349870976581319,0.4700279135286038,660,0.5,
function_only,ABC,twitter_gold,human,twitter,0.6717754809668892,0.4988929889298893,0.44734102225638933,0.7265349000289552,0.8221548660023115,0.34917355371900827,0.8733850129198967,0.7628361858190709,0.9741424802110817,0.33810688089416696,2863,0.27349889416571227,0.39827658680117695,0.7470288624787776,0.7349870976581319,0.4700279135286038,660,0.5,
function_only,ABC,reddit_combi,auto,reddit,0.6397113984037631,0.8668901597318083,0.32864957571576286,0.9680908314947728,0.8122077977921631,0.8033625730994152,0.9413276231263383,0.7829581993569131,0.6336898395721925,0.8797427652733119,3110,0.17169908229018116,0.46801231611358196,0.7470288624787776,0.7349870976581319,0.4700279135286038,660,0.5,
random_pos,A,dreaddit_test,human,reddit,0.6930915462729395,0.7068273092369478,0.38640344557388445,0.7941587905187693,0.7729764869903034,0.7154471544715447,0.6984126984126984,0.6937062937062937,0.6705202312138728,0.5160839160839161,715,0.35268564221389886,0.3404059040590406,0.8350901054063243,0.827496779402011,0.6550858573142875,500,0.5,
random_pos,A,twitter,auto,twitter,0.4975085184250655,0.3265902997806483,0.10886643445066713,0.5500224013786241,0.5799134010681053,0.22521008403361345,0.5939716312056738,0.5556449018977163,0.85877274128893,0.47844966227082664,6218,0.1547329133093272,0.3427756051157383,0.8350901054063243,0.827496779402011,0.6550858573142875,500,0.5,
random_pos,A,twitter_gold,human,twitter,0.6225211348020743,0.46773238602723505,0.2572320709735727,0.5157103854177536,0.7113535511022919,0.4080578512396694,0.5478502080443828,0.6859937128885785,0.8279683377308708,0.33810688089416696,2863,0.22424454800089733,0.39827658680117695,0.8350901054063243,0.827496779402011,0.6550858573142875,500,0.5,
random_pos,A,reddit_combi,auto,reddit,0.6047520375742506,0.8551181102362204,0.2521179084637472,0.9514495828068261,0.7491478249992183,0.793859649122807,0.9266211604095563,0.7633440514469454,0.5401069518716578,0.8797427652733119,3110,0.1367397214606686,0.46801231611358196,0.8350901054063243,0.827496779402011,0.6550858573142875,500,0.5,
random_pos,B,dreaddit_test,human,reddit,0.6111557741416817,0.6443298969072165,0.22580878784873679,0.636655951405281,0.6449237902783652,0.6775067750677507,0.6142506142506142,0.6139860139860139,0.546242774566474,0.5160839160839161,715,0.27074987008264106,0.3404059040590406,0.7059602649006622,0.6831255035291375,0.3668350910206865,6,0.5,
random_pos,B,twitter,auto,twitter,0.42413944036377094,0.1717721156598912,0.06077075545427937,0.5211462983032576,0.5442940321364438,0.10084033613445378,0.5791505791505791,0.5347378578321004,0.9327782917052112,0.47844966227082664,6218,0.08136383524803265,0.3427756051157383,0.7059602649006622,0.6831255035291375,0.3668350910206865,6,0.5,
random_pos,B,twitter_gold,human,twitter,0.5372893584959753,0.278701504354711,0.18520752704555507,0.5018218558892311,0.6717282867048997,0.18181818181818182,0.5966101694915255,0.681802305274188,0.9372031662269129,0.33810688089416696,2863,0.1390127716947983,0.39827658680117695,0.7059602649006622,0.6831255035291375,0.3668350910206865,6,0.5,
random_pos,B,reddit_combi,auto,reddit,0.5857429448568207,0.8522793973782039,0.2061951147732227,0.9209098439235504,0.6654157675829502,0.7960526315789473,0.9170526315789473,0.7572347266881029,0.4732620320855615,0.8797427652733119,3110,0.1177306287432387,0.46801231611358196,0.7059602649006622,0.6831255035291375,0.3668350910206865,6,0.5,
random_pos,C,dreaddit_test,human,reddit,0.7418894103244236,0.7559681697612732,0.4845258802795971,0.8284376842787807,0.8260726537901217,0.7723577235772358,0.7402597402597403,0.7426573426573426,0.7109826589595376,0.5160839160839161,715,0.401483506265383,0.3404059040590406,0.7897435897435897,0.7813612743845302,0.5629928736074182,154,0.5,
random_pos,C,twitter,auto,twitter,0.4294294638866647,0.1645151606124287,0.14366368269248847,0.6119742337074426,0.6054922690630369,0.09210084033613446,0.7696629213483146,0.5524284335799292,0.9747147702744372,0.47844966227082664,6218,0.0866538587709264,0.3427756051157383,0.7897435897435897,0.7813612743845302,0.5629928736074182,154,0.5,
random_pos,C,twitter_gold,human,twitter,0.6205123349855041,0.41797752808988764,0.342150027593019,0.587703822991637,0.6951939641073727,0.2882231404958678,0.7602179836512262,0.7286063569682152,0.9535620052770448,0.33810688089416696,2863,0.22223574818432712,0.39827658680117695,0.7897435897435897,0.7813612743845302,0.5629928736074182,154,0.5,
random_pos,C,reddit_combi,auto,reddit,0.6590236149209205,0.8767660910518054,0.3646753223176724,0.9695942547273614,0.8241059980611064,0.8165204678362573,0.9466101694915254,0.7980707395498392,0.6631016042780749,0.8797427652733119,3110,0.19101129880733858,0.46801231611358196,0.7897435897435897,0.7813612743845302,0.5629928736074182,154,0.5,
random_pos,AB,dreaddit_test,human,reddit,0.6928694158075601,0.7190721649484536,0.3897092749857675,0.7784740066971263,0.7711593589924338,0.7560975609756098,0.6855036855036855,0.6951048951048951,0.630057803468208,0.5160839160839161,715,0.35246351174851953,0.3404059040590406,0.7678391959798995,0.7531155209797572,0.5063320581641456,506,0.5,
random_pos,AB,twitter,auto,twitter,0.4025493050925575,0.1249624511865425,0.05367185226050481,0.5279348612813954,0.550462819725485,0.06991596638655462,0.5875706214689266,0.5315213895143133,0.9549799568300956,0.47844966227082664,6218,0.059773699976819195,0.3427756051157383,0.7678391959798995,0.7531155209797572,0.5063320581641456,506,0.5,
random_pos,AB,twitter_gold,human,twitter,0.574971596503719,0.3362549800796813,0.2801755911617444,0.6076293134788893,0.7523446869752939,0.21797520661157024,0.735191637630662,0.7090464547677262,0.9598944591029024,0.33810688089416696,2863,0.17669500970254204,0.39827658680117695,0.7678391959798995,0.7531155209797572,0.5063320581641456,506,0.5,
random_pos,AB,reddit_combi,auto,reddit,0.6088741748866425,0.8719723183391004,0.2404378463074353,0.9444106104821741,0.7313552514307159,0.8289473684210527,0.9197080291970803,0.7858520900321544,0.47058823529411764,0.8797427652733119,3110,0.14086185877306057,0.46801231611358196,0.7678391959798995,0.7531155209797572,0.5063320581641456,506,0.5,
random_pos,AC,dreaddit_test,human,reddit,0.697257202001035,0.7112299465240641,0.3947881494363791,0.8025240665008632,0.7957532465498065,0.7208672086720868,0.7018469656992085,0.6979020979020979,0.6734104046242775,0.5160839160839161,715,0.35685129794199444,0.3404059040590406,0.8598574821852731,0.8530772338354724,0.706203033638711,654,0.5,
random_pos,AC,twitter,auto,twitter,0.5335991414882163,0.3724815724815725,0.19786160099465114,0.6135204184752192,0.6257141820650555,0.25478991596638656,0.6922374429223744,0.5892569958185911,0.8960838729571384,0.47844966227082664,6218,0.190823536372478,0.3427756051157383,0.8598574821852731,0.8530772338354724,0.706203033638711,654,0.5,
random_pos,AC,twitter_gold,human,twitter,0.6363162326956423,0.48375451263537905,0.2883401984597415,0.5302906931449877,0.6852498964216402,0.4152892561983471,0.579250720461095,0.7003143555710792,0.845910290237467,0.33810688089416696,2863,0.23803964589446536,0.39827658680117695,0.8598574821852731,0.8530772338354724,0.706203033638711,654,0.5,
random_pos,AC,reddit_combi,auto,reddit,0.6355541798542668,0.8645339652448657,0.32119146888441774,0.9585732469974254,0.7887759170653907,0.8000730994152047,0.9402920962199313,0.7794212218649518,0.6283422459893048,0.8797427652733119,3110,0.1675418637406848,0.46801231611358196,0.8598574821852731,0.8530772338354724,0.706203033638711,654,0.5,
random_pos,BC,dreaddit_test,human,reddit,0.7388256087981147,0.7552631578947369,0.47906070565562464,0.8163488970974078,0.8162585961119728,0.7777777777777778,0.7340153452685422,0.7398601398601399,0.6994219653179191,0.5160839160839161,715,0.39841970473907407,0.3404059040590406,0.7748726655348047,0.7641563030165657,0.528368462136917,160,0.5,
random_pos,BC,twitter,auto,twitter,0.4113029050045732,0.12736874805840323,0.14633954737130744,0.6655089135788145,0.6749446124425718,0.06890756302521009,0.8401639344262295,0.5482470247668061,0.9879740980573543,0.47844966227082664,6218,0.06852729988883494,0.3427756051157383,0.7748726655348047,0.7641563030165657,0.528368462136917,160,0.5,
random_pos,BC,twitter_gold,human,twitter,0.6280127003595294,0.4222048475371384,0.3911507952027632,0.7191564131668522,0.8203853114982883,0.27892561983471076,0.8681672025723473,0.7418791477471184,0.9783641160949869,0.33810688089416696,2863,0.22973611355835244,0.39827658680117695,0.7748726655348047,0.7641563030165657,0.528368462136917,160,0.5,
random_pos,BC,reddit_combi,auto,reddit,0.6734917054619145,0.8785305155046416,0.40277684937703323,0.9742398234540565,0.8440881336585672,0.8128654970760234,0.9557370004297379,0.8022508038585209,0.7245989304812834,0.8797427652733119,3110,0.20547938934833254,0.46801231611358196,0.7748726655348047,0.7641563030165657,0.528368462136917,160,0.5,
random_pos,ABC,dreaddit_test,human,reddit,0.7373745111557644,0.7542706964520368,0.4762871064264606,0.8163032408912834,0.8161332769397058,0.7777777777777778,0.7321428571428571,0.7384615384615385,0.6965317919075145,0.5160839160839161,715,0.39696860709672377,0.3404059040590406,0.7733605164797825,0.7627486343082673,0.5255669046414156,660,0.5,
random_pos,ABC,twitter,auto,twitter,0.4112123393288475,0.12732919254658384,0.14526105960223257,0.6655065978615371,0.6748532974706997,0.06890756302521009,0.8367346938775511,0.5480862013509167,0.9876657415972865,0.47844966227082664,6218,0.0684367342131092,0.3427756051157383,0.7733605164797825,0.7627486343082673,0.5255669046414156,660,0.5,
random_pos,ABC,twitter_gold,human,twitter,0.6277166273054431,0.421875,0.3897988581217044,0.7191972267292221,0.8206889596371487,0.27892561983471076,0.8653846153846154,0.7415298637792526,0.9778364116094986,0.33810688089416696,2863,0.22944004050426614,0.39827658680117695,0.7733605164797825,0.7627486343082673,0.5255669046414156,660,0.5,
random_pos,ABC,reddit_combi,auto,reddit,0.6734917054619145,0.8785305155046416,0.40277684937703323,0.9742553699244515,0.8442239734809394,0.8128654970760234,0.9557370004297379,0.8022508038585209,0.7245989304812834,0.8797427652733119,3110,0.20547938934833254,0.46801231611358196,0.7733605164797825,0.7627486343082673,0.5255669046414156,660,0.5,
