channel,dataset,label_type,platform,f1,macro_f1,mcc,precision,recall
A,dreaddit_test,human,reddit,0.7181818181818181,0.6336363636363636,0.32402173936102013,0.6183953033268101,0.8563685636856369
A,twitter_gold,human,twitter,0.5918456817185445,0.6611905687898076,0.34239977619813045,0.5152671755725191,0.6951596292481977
A,twitter,auto,twitter,0.43684004692999606,0.5225016561180592,0.06557082352374977,0.523921200750469,0.37458081824279005
A,reddit_combi,auto,reddit,0.9099508822994361,0.6117022095269719,0.22374799385239982,0.9055032585083272,0.9144424131627057
B,dreaddit_test,human,reddit,0.6938775510204082,0.561367633225635,0.22492575976978627,0.5747330960854092,0.8753387533875339
B,twitter_gold,human,twitter,0.37830319888734354,0.5851497381128202,0.2272847183573037,0.582441113490364,0.2801235839340886
B,twitter,auto,twitter,0.2549738219895288,0.4628640512076288,0.08099289131231728,0.581145584725537,0.16331321260898726
B,reddit_combi,auto,reddit,0.9212207239176721,0.5791670629897638,0.17403661959742817,0.8948638400551534,0.9491773308957953
C,dreaddit_test,human,reddit,0.7749077490774908,0.7391556573588427,0.4952941471605618,0.7094594594594594,0.8536585365853658
C,twitter_gold,human,twitter,0.5722964763061968,0.7000846684709469,0.42113571823403334,0.6977777777777778,0.4850669412976313
C,twitter,auto,twitter,0.30434782608695654,0.5038562202075891,0.2090333575531342,0.7620967741935484,0.19014084507042253
C,reddit_combi,auto,reddit,0.9101123595505618,0.681707660413094,0.3712203363973119,0.9328214971209213,0.8884826325411335
AB,dreaddit_test,human,reddit,0.7286821705426356,0.6318932674345057,0.3437772537009162,0.6161048689138576,0.8915989159891599
AB,twitter_gold,human,twitter,0.48484848484848486,0.6497262813052287,0.3428424385536826,0.6727605118829981,0.37899073120494337
AB,twitter,auto,twitter,0.24540857066808625,0.45990423939399494,0.08776821172467615,0.5948387096774194,0.1545942320590208
AB,reddit_combi,auto,reddit,0.9192081326912788,0.5889003020248538,0.18812395529038986,0.8972841225626741,0.9422303473491773
AC,dreaddit_test,human,reddit,0.7415204678362574,0.6785863208746504,0.39697833455476195,0.6522633744855967,0.8590785907859079
AC,twitter_gold,human,twitter,0.5641440712262242,0.6171409483236787,0.2790387910924109,0.4646666666666667,0.717816683831102
AC,twitter,auto,twitter,0.5189736176364294,0.5674233167547227,0.14036194376504937,0.5626959247648903,0.4815560026827633
AC,reddit_combi,auto,reddit,0.911710380495013,0.6585915086554667,0.3186944627705446,0.9212392683837253,0.9023765996343693
BC,dreaddit_test,human,reddit,0.7508771929824561,0.6902212051868802,0.4209710235686589,0.6604938271604939,0.8699186991869918
BC,twitter_gold,human,twitter,0.539553752535497,0.6897909707004476,0.4381194603524968,0.7854330708661418,0.41091658084449023
BC,twitter,auto,twitter,0.21304849884526558,0.45507980497818834,0.1663785695744273,0.7655601659751037,0.12374245472837023
BC,reddit_combi,auto,reddit,0.9196379087382228,0.6896326189653847,0.3809882050274045,0.9294249439880508,0.910054844606947
ABC,dreaddit_test,human,reddit,0.7508771929824561,0.6902212051868802,0.4209710235686589,0.6604938271604939,0.8699186991869918
ABC,twitter_gold,human,twitter,0.5385656292286874,0.6891982678787871,0.4371809012328014,0.7850098619329389,0.4098867147270855
ABC,twitter,auto,twitter,0.21304849884526558,0.45507980497818834,0.1663785695744273,0.7655601659751037,0.12374245472837023
ABC,reddit_combi,auto,reddit,0.9196379087382228,0.6896326189653847,0.3809882050274045,0.9294249439880508,0.910054844606947
